record_date,volume,avg_price
4/1/2015,3448899909,5.84
4/2/2015,2725377185,5.7
4/3/2015,2312541906,5.75
4/4/2015,3323755261,5.77
4/5/2015,4662993455,5.8
4/6/2015,3853196700,5.8
4/7/2015,2484443957,5.81
4/8/2015,2976251088,5.81
4/9/2015,2837909726,5.74
4/10/2015,1689560272,5.78
4/11/2015,1858733027,5.66
4/12/2015,3258405992,5.63
4/13/2015,2462062245,5.49
4/14/2015,3560527920,5.69
4/15/2015,2497443427,5.69
4/16/2015,3208427819,5.55
4/17/2015,5323178749,5.77
4/18/2015,2934227429,5.49
4/19/2015,2432844012,5.49
4/20/2015,2090325928,5.54
4/21/2015,2233923339,5.43
4/22/2015,2226650177,5.34
4/23/2015,2689450535,5.03
4/24/2015,3120462818,5.21
4/25/2015,3149546348,5.15
4/26/2015,2982874120,5.19
4/27/2015,4073543796,5.22
4/28/2015,2943499569,5.31
4/29/2015,2164435837,5.28
4/30/2015,2598365261,5.25
5/1/2015,1892912597,5.14
5/2/2015,3996039854,5.18
5/3/2015,2945471606,5.1
5/4/2015,2465853554,5.01
5/5/2015,1967922653,5.06
5/6/2015,1501707143,5.03
5/7/2015,1768225231,5.06
5/8/2015,2260954942,5.1
5/9/2015,2164003834,5.09
5/10/2015,3110484399,5.06
5/11/2015,3128597650,5.08
5/12/2015,2050356981,5.1
5/13/2015,3291196632,5.08
5/14/2015,9077344410,4.96
5/15/2015,2949463838,5.07
5/16/2015,2486901207,5.07
5/17/2015,3021318594,5.07
5/18/2015,4916181218,5.04
5/19/2015,2648019539,5
5/20/2015,2387772546,5.09
5/21/2015,3241254372,5.13
5/22/2015,2774422427,5.07
5/23/2015,2459131994,5
5/24/2015,3244978733,5.02
5/25/2015,2582824658,4.97
5/26/2015,2810904609,5.19
5/27/2015,2825222417,5.04
5/28/2015,2478139804,5.05
5/29/2015,2832297523,5.05
5/30/2015,4602802861,5.02
5/31/2015,3119641020,5.03
6/1/2015,2344475814,5
6/2/2015,1941318550,5.07
6/3/2015,1790681870,5.03
6/4/2015,2610134130,5.08
6/5/2015,2468589655,5.13
6/6/2015,2470565584,5.08
6/7/2015,2901488203,5.1
6/8/2015,3672363582,5.06
6/9/2015,2414777931,5.1
6/10/2015,1125765208,5.1
6/11/2015,2092385643,5.02
6/12/2015,2770662788,5.28
6/13/2015,1828786716,5.18
6/14/2015,2707506246,5.12
6/15/2015,3551529637,5.13
6/16/2015,1467186398,5.11
6/17/2015,2080899771,5.16
6/18/2015,2214899168,5.1
6/19/2015,1052071740,5.12
6/20/2015,1529041385,5.15
6/21/2015,1302503562,5.12
6/22/2015,1440558846,5.09
6/23/2015,2083029173,5.14
6/24/2015,2536932190,5.07
6/25/2015,2433170561,4.99
6/26/2015,1795453833,5
6/27/2015,2545105690,5.02
6/28/2015,2142065358,5.08
6/29/2015,2914602943,5.18
6/30/2015,1515018882,5.17
7/1/2015,1932033935,5.1
7/2/2015,1035693870,5.08
7/3/2015,2712477020,5.11
7/4/2015,1982503486,5.02
7/5/2015,2341492975,5.02
7/6/2015,2194773537,5
7/7/2015,1243907820,5
7/8/2015,2230092123,5.12
7/9/2015,1880533647,5.03
7/10/2015,1224765223,5.05
7/11/2015,3226785515,5.03
7/12/2015,2192712275,5.03
7/13/2015,2764613922,5.01
7/14/2015,1770732651,5.02
7/15/2015,1057151957,5.04
7/16/2015,1548994073,5.09
7/17/2015,2562775955,5.07
7/18/2015,2501039399,5.18
7/19/2015,3477483287,5.17
7/20/2015,2391167750,5.14
7/21/2015,3631178980,5.14
7/22/2015,4100039007,5.01
7/23/2015,1921277048,5.01
7/24/2015,2173883589,5.03
7/25/2015,2297809925,5
7/26/2015,3911557785,5.03
7/27/2015,1727037078,5.03
7/28/2015,1847359108,5.04
7/29/2015,2599778043,5.05
7/30/2015,1765753686,5.05
7/31/2015,3413514488,5.01
8/1/2015,3581020829,4.97
8/2/2015,3236278106,4.95
8/3/2015,1995427387,5.01
8/4/2015,1633734536,5
8/5/2015,4441340520,5.11
8/6/2015,1309141005,4.98
8/7/2015,2269713724,4.95
8/8/2015,2394578865,4.93
8/9/2015,2783455469,5.01
8/10/2015,1555664042,5.03
8/11/2015,1871746635,5.02
8/12/2015,2071296272,5.06
8/13/2015,2002974995,5.09
8/14/2015,3522239250,5.09
8/15/2015,2945586234,5.05
8/16/2015,3444623551,5.1
8/17/2015,1306822850,5.06
8/18/2015,2764147306,5.08
8/19/2015,1825685840,5.09
8/20/2015,1820533244,5.03
8/21/2015,3107288284,5.09
8/22/2015,2352427495,5.1
8/23/2015,2098751814,5.07
8/24/2015,2448383127,5.07
8/25/2015,1894214344,5.23
8/26/2015,1745098037,5.08
8/27/2015,1374302053,5.16
8/28/2015,1954366517,5.15
8/29/2015,2162544604,5.18
8/30/2015,3399108451,5.21
8/31/2015,2962767283,5.23
9/1/2015,2377084397,5.24
9/2/2015,1675617261,5.07
9/3/2015,2300699856,5.08
9/4/2015,2106804041,5.19
9/5/2015,3069007143,5.12
9/6/2015,2500173407,5.15
9/7/2015,1723864508,5.12
9/8/2015,3496788553,5.1
9/9/2015,3085054159,5.14
9/10/2015,2453394278,5.12
9/11/2015,2099574969,5.08
9/12/2015,2998723919,5.21
9/13/2015,2380845127,5.19
9/14/2015,2773631874,5.26
9/15/2015,3311881910,5.2
9/16/2015,1552221548,5.25
9/17/2015,1904385154,5.18
9/18/2015,1042647609,5.24
9/19/2015,2854184214,5.29
9/20/2015,3643589112,5.25
9/21/2015,1798459365,5.22
9/22/2015,3682929085,5.2
9/23/2015,2163653443,5.38
9/24/2015,1515464875,5.4
9/25/2015,1929962069,5.39
9/26/2015,4132402748,5.3
9/27/2015,3844694913,5.4
9/28/2015,1740359811,5.4
9/29/2015,1373391193,5.41
9/30/2015,1921474393,5.45
10/1/2015,2454106524,5.54
10/2/2015,3542735886,5.48
10/3/2015,1916324185,5.53
10/4/2015,3770301871,5.93
10/5/2015,2626756912,6.07
10/6/2015,2716987848,5.97
10/7/2015,1460218349,5.87
10/8/2015,1839366356,5.96
10/9/2015,2003388335,6.04
10/10/2015,2439198742,6.03
10/11/2015,3217040598,5.99
10/12/2015,1366722651,5.8
10/13/2015,1541091387,5.68
10/14/2015,2155948790,5.83
10/15/2015,3290379631,6.08
10/16/2015,2575859470,5.88
10/17/2015,2330997388,5.82
10/18/2015,2276114935,5.82
10/19/2015,2104753691,5.87
10/20/2015,2389984309,5.9
10/21/2015,1799032728,5.93
10/22/2015,1614420303,5.95
10/23/2015,2459408914,5.88
10/24/2015,1541076405,5.89
10/25/2015,2693609405,5.8
10/26/2015,1963508615,5.8
10/27/2015,1645112883,5.83
10/28/2015,2577675717,5.72
10/29/2015,2283759108,5.79
10/30/2015,1773253796,5.74
10/31/2015,2257689101,5.8
11/1/2015,1953683012,5.8
11/2/2015,2914657338,5.8
11/3/2015,1674209190,5.95
11/4/2015,1986926968,5.78
11/5/2015,1783926804,5.83
11/6/2015,2213313482,5.84
11/7/2015,2489478883,5.84
11/8/2015,2329012334,5.91
11/9/2015,1486602321,5.89
11/10/2015,2080039915,5.92
11/11/2015,1932963353,5.93
11/12/2015,930203263,5.99
11/13/2015,2351282193,5.99
11/14/2015,2189759656,6
11/15/2015,2106291007,5.94
11/16/2015,2362697036,5.99
11/17/2015,2114805489,6.02
11/18/2015,1296593568,5.95
11/19/2015,1881292303,6
11/20/2015,1906042458,6.02
11/21/2015,2466027905,5.91
11/22/2015,2901119807,6.02
11/23/2015,1639194863,6.07
11/24/2015,2885768471,6.11
11/25/2015,2026561214,5.99
11/26/2015,2121718515,5.96
11/27/2015,1159225201,6.17
11/28/2015,2040227119,6.07
11/29/2015,2623588970,6
11/30/2015,1605319789,6.06
12/1/2015,935718465,5.96
12/2/2015,1822246823,6
12/3/2015,881931585,6.05
12/4/2015,1558320307,5.92
12/5/2015,2325658493,5.95
12/6/2015,3912558122,6
12/7/2015,1765729512,5.99
12/8/2015,1493948456,6.04
12/9/2015,1994818611,6.06
12/10/2015,1810592860,6.02
12/11/2015,1888993627,5.98
12/12/2015,2651743774,6
12/13/2015,2307532804,5.9
12/14/2015,2445322235,6
12/15/2015,1826055312,6.01
12/16/2015,2466029387,5.94
12/17/2015,2456469043,5.93
12/18/2015,1917342958,6.01
12/19/2015,2008550893,5.99
12/20/2015,2537052994,6
12/21/2015,2580752899,6.05
12/22/2015,2282634292,6.11
12/23/2015,2034369799,6.12
12/24/2015,3250485046,6.05
12/25/2015,1856999255,5.93
12/26/2015,2590488404,6.16
12/27/2015,3673984837,6
12/28/2015,2394322662,6.14
12/29/2015,2527691582,6.05
12/30/2015,2197338473,5.93
12/31/2015,2136022232,6
1/1/2016,2197502889,6.1
1/2/2016,2154590838,6.07
1/3/2016,2713304196,6.13
1/4/2016,1475350785,6.04
1/5/2016,1385807260,6.04
1/6/2016,2229305725,6.06
1/7/2016,2465137739,6.08
1/8/2016,1592646304,6.04
1/9/2016,2840800550,6.04
1/10/2016,3071255185,6.1
1/11/2016,2297308960,6.12
1/12/2016,2025664774,6.05
1/13/2016,1736558261,6.09
1/14/2016,1543559718,6.03
1/15/2016,2725366337,6.08
1/16/2016,2558931503,6.11
1/17/2016,3036294709,6.15
1/18/2016,3743774169,5.99
1/19/2016,2087991857,5.95
1/20/2016,2767298408,5.96
1/21/2016,1843012631,6.05
1/22/2016,2628773275,6.1
1/23/2016,2982521962,6.17
1/24/2016,2714375503,6.14
1/25/2016,3491169538,6.1
1/26/2016,2075253024,6.08
1/27/2016,2352389507,6.07
1/28/2016,2071645291,6.09
1/29/2016,3291701501,6.09
1/30/2016,2511376509,6.03
1/31/2016,2856553303,6.05
2/1/2016,2977651449,6.05
2/2/2016,2624283648,5.98
2/3/2016,2273723031,6.07
2/4/2016,1669132261,6.11
2/5/2016,1872630529,6.14
2/6/2016,2373000436,6.03
2/7/2016,3134171996,6.07
2/8/2016,2869603868,6.02
2/9/2016,1770505895,6.1
2/10/2016,1311726170,5.98
2/11/2016,1811265486,5.91
2/12/2016,2434071660,5.75
2/13/2016,3154832975,5.91
2/14/2016,2321730593,5.95
2/15/2016,2429164748,5.95
2/16/2016,2213002276,5.9
2/17/2016,2164235332,5.78
2/18/2016,2419816766,5.89
2/19/2016,1755706911,5.89
2/20/2016,3629116978,5.86
2/21/2016,2327685460,5.9
2/22/2016,2457073631,5.81
2/23/2016,2357498452,5.89
2/24/2016,2968901490,5.9
2/25/2016,2074153194,5.89
2/26/2016,1267709403,5.9
2/27/2016,2512261460,5.96
2/28/2016,2666897371,5.74
2/29/2016,1507559564,5.87
3/1/2016,2670660913,5.81
3/2/2016,1325090124,5.99
3/3/2016,1811760297,5.92
3/4/2016,1258147530,5.95
3/5/2016,2495145891,5.92
3/6/2016,1953436588,6.02
3/7/2016,1285946862,5.93
3/8/2016,1922802157,5.86
3/9/2016,1967662195,5.92
3/10/2016,1517911235,5.95
3/11/2016,2646295108,5.73
3/12/2016,1834213762,5.91
3/13/2016,1894276601,5.93
3/14/2016,1849610927,5.96
3/15/2016,2390860809,6.08
3/16/2016,2299959540,5.86
3/17/2016,1586724615,5.86
3/18/2016,1915660752,5.94
3/19/2016,1926000467,5.95
3/20/2016,2492347726,6.02
3/21/2016,2129923498,5.86
3/22/2016,2915107003,5.85
3/23/2016,1588798014,5.91
3/24/2016,2644811159,5.81
3/25/2016,2855427262,6.01
3/26/2016,2266714634,6.09
3/27/2016,3039248014,5.99
3/28/2016,2767608143,6.13
3/29/2016,2291225684,6.09
3/30/2016,1444760178,5.98
3/31/2016,1855834990,6.15
4/1/2016,2726319635,6.19
4/2/2016,2308520965,6.16
4/3/2016,3331427015,6.16
4/4/2016,2017779602,6.21
4/5/2016,2456597841,6.06
4/6/2016,2146285249,6.17
4/7/2016,2827702187,6.39
4/8/2016,1819388932,6.15
4/9/2016,2158777281,6.18
4/10/2016,4119883310,6.17
4/11/2016,1364562521,6.13
4/12/2016,2046480527,5.99
4/13/2016,1323876926,6.06
4/14/2016,1085831709,6.03
4/15/2016,1772509176,5.99
4/16/2016,3101550031,6
4/17/2016,2274212545,6.01
4/18/2016,3617117524,5.87
4/19/2016,2865799109,5.96
4/20/2016,1879584686,5.96
4/21/2016,2459294696,6
4/22/2016,2189956072,5.98
4/23/2016,2031274520,6.02
4/24/2016,2301252714,6.06
4/25/2016,2370499248,6.07
4/26/2016,3813197116,6
4/27/2016,1820877304,6
4/28/2016,2436495082,5.95
4/29/2016,3128160766,6.05
4/30/2016,2452911784,6
5/1/2016,3249068045,6.01
5/2/2016,3286240029,6.1
5/3/2016,2275592465,6.04
5/4/2016,3584488639,5.86
5/5/2016,3384624539,5.95
5/6/2016,2797664389,6
5/7/2016,3342687242,5.95
5/8/2016,2892385216,5.98
5/9/2016,3109010315,5.95
5/10/2016,2167281938,5.9
5/11/2016,2544623886,5.86
5/12/2016,2132518582,5.94
5/13/2016,2665441688,5.86
5/14/2016,1918933699,5.81
5/15/2016,3223721142,5.88
5/16/2016,3477308834,5.76
5/17/2016,2572857347,5.85
5/18/2016,2157263259,5.84
5/19/2016,2676463807,5.72
5/20/2016,2362504465,5.7
5/21/2016,2491104157,5.6
5/22/2016,3321825532,5.5
5/23/2016,2159486444,5.7
5/24/2016,1858305349,5.95
5/25/2016,1573970453,5.81
5/26/2016,2130991318,5.92
5/27/2016,2840208658,5.6
5/28/2016,2903953483,5.79
5/29/2016,1780233906,5.96
5/30/2016,2435402983,5.58
5/31/2016,1718996464,5.56
6/1/2016,1435770175,5.77
6/2/2016,1268242056,5.68
6/3/2016,2201151587,5.86
6/4/2016,2265642727,5.55
6/5/2016,2237675667,5.6
6/6/2016,1767243860,5.66
6/7/2016,1911855574,5.54
6/8/2016,1817727210,5.43
6/9/2016,1664891763,5.43
6/10/2016,3642287293,5.6
6/11/2016,3154536625,5.43
6/12/2016,2247142517,5.53
6/13/2016,3453198964,5.48
6/14/2016,2199413046,5.5
6/15/2016,1105473910,5.71
6/16/2016,3017209328,5.65
6/17/2016,1494246251,5.51
6/18/2016,2605293503,5.45
6/19/2016,1857882951,5.35
6/20/2016,1771195392,5.28
6/21/2016,2133249719,5.25
6/22/2016,1038747576,5.38
6/23/2016,1583995579,5.79
6/24/2016,2279062725,5.35
6/25/2016,2461075454,5.48
6/26/2016,2276373219,5.3
6/27/2016,1933080663,5.22
6/28/2016,2024669527,5.24
6/29/2016,2253270033,5.21
6/30/2016,1697604461,5.25
7/1/2016,1515082063,5.29
7/2/2016,2872733739,5.41
7/3/2016,1614716986,5.42
7/4/2016,1654296827,5.26
7/5/2016,1850922924,5.5
7/6/2016,1967902957,5.34
7/7/2016,1467026308,5.25
7/8/2016,1482581030,5.57
7/9/2016,1679651185,5.56
7/10/2016,3269529614,5.24
7/11/2016,3355068004,5.05
7/12/2016,1167575112,5.22
7/13/2016,1472011502,5.25
7/14/2016,1700098444,5.38
7/15/2016,2239268056,5.41
7/16/2016,2790009140,5.48
7/17/2016,1579998545,5.49
7/18/2016,1271634526,5.4
7/19/2016,1306611829,5.34
7/20/2016,1534426948,5.49
7/21/2016,931158104,5.58
7/22/2016,1258476500,5.25
7/23/2016,1862195508,5.2
7/24/2016,1244252755,5.42
7/25/2016,1135136736,5.59
7/26/2016,1444747947,5.17
7/27/2016,1455725231,5.35
7/28/2016,1551727214,5.73
7/29/2016,1554741223,5.4
7/30/2016,1720236562,5.65
7/31/2016,1636124564,5.32
8/1/2016,1347488292,5.34
8/2/2016,1538556257,5.29
8/3/2016,1307466549,5.74
8/4/2016,1740394754,5.79
8/5/2016,1761226422,5.55
8/6/2016,1479319739,5.5
8/7/2016,1947758455,5.3
8/8/2016,2390107166,5.37
8/9/2016,2404041291,5.25
8/10/2016,1538589020,5.25
8/11/2016,1947524124,5.49
8/12/2016,2083619720,5.39
8/13/2016,2406421236,5.35
8/14/2016,1955245220,5.5
8/15/2016,2097118543,5.37
8/16/2016,1359132858,5.35
8/17/2016,1085298142,5.31
8/18/2016,2249952477,5.28
8/19/2016,1194362967,5.67
8/20/2016,2087515369,5.49
8/21/2016,2251350096,5.25
8/22/2016,1304021966,5.5
8/23/2016,1448680711,5.31
8/24/2016,2138358784,5.65
8/25/2016,1682762315,5.4
8/26/2016,913095885,5.6
8/27/2016,1734363168,5.71
8/28/2016,2706692459,5.78
8/29/2016,1188256935,5.51
8/30/2016,2279866188,5.49
8/31/2016,1780990051,5.5
9/1/2016,1703158334,5.4
9/2/2016,1748256762,5.6
9/3/2016,2661856871,5.67
9/4/2016,1210134875,5.74
9/5/2016,2435597694,5.8
9/6/2016,1567128591,5.95
9/7/2016,806523064,5.87
9/8/2016,1732759008,5.72
9/9/2016,1586200608,5.82
9/10/2016,2042229971,5.77
9/11/2016,1535930446,5.58
9/12/2016,2489051132,5.53
9/13/2016,2685612437,5.33
9/14/2016,1009649525,5.86
9/15/2016,1822316210,5.91
9/16/2016,1384644334,5.69
9/17/2016,2229070642,5.6
9/18/2016,1845944579,5.55
9/19/2016,1831639147,5.73
9/20/2016,1928466828,5.5
9/21/2016,1611269704,5.65
9/22/2016,1567582463,5.7
9/23/2016,1433811017,5.58
9/24/2016,2146873485,5.7
9/25/2016,1714529001,5.74
9/26/2016,1182486522,5.6
9/27/2016,1573015856,5.65
9/28/2016,1270506662,5.72
9/29/2016,1474089322,5.93
9/30/2016,1282886479,5.75
10/1/2016,2299596768,5.69
10/2/2016,2797101878,5.8
10/3/2016,1952095724,5.87
10/4/2016,1600309555,5.84
10/5/2016,1499914035,5.65
10/6/2016,2939739347,5.99
10/7/2016,1560458879,5.86
10/8/2016,1854280558,5.8
10/9/2016,2339438529,5.93
10/10/2016,2408498919,5.64
10/11/2016,1873967445,5.82
10/12/2016,2008045230,5.61
10/13/2016,1502037203,5.95
10/14/2016,2190970824,5.78
10/15/2016,2379529792,5.83
10/16/2016,2237520411,5.8
10/17/2016,1686808040,5.85
10/18/2016,1963209894,5.81
10/19/2016,1422010530,5.9
10/20/2016,1982989926,5.89
10/21/2016,1551934640,5.89
10/22/2016,2042283532,5.86
10/23/2016,2282912574,5.79
10/24/2016,1974422950,5.76
10/25/2016,1811349691,5.68
10/26/2016,1234071658,5.83
10/27/2016,1983062399,5.8
10/28/2016,1421278623,5.79
10/29/2016,2291357774,5.75
10/30/2016,1768018464,5.76
10/31/2016,3719522477,5.33
11/1/2016,1736110200,5.56
11/2/2016,1919508112,5.9
11/3/2016,1093823274,5.93
11/4/2016,1804679649,5.9
11/5/2016,2049768272,5.85
11/6/2016,1826591312,5.88
11/7/2016,1366942798,5.7
11/8/2016,1480150752,5.85
11/9/2016,1248804283,5.9
11/10/2016,1602763645,5.8
11/11/2016,1671743899,5.75
11/12/2016,3057761145,6.01
11/13/2016,1624058962,5.82
11/14/2016,1697615774,5.81
11/15/2016,1781080380,5.7
11/16/2016,1354665120,5.77
11/17/2016,2963005137,6.06
11/18/2016,1750189801,5.7
11/19/2016,1938194978,5.94
11/20/2016,2461424131,5.75
11/21/2016,1984564090,5.77
11/22/2016,2470242407,5.94
11/23/2016,2293579608,5.77
11/24/2016,3060700284,5.8
11/25/2016,1808016359,5.6
11/26/2016,3349266151,5.65
11/27/2016,3620292802,5.84
11/28/2016,2169956618,5.78
11/29/2016,4031483780,5.89
11/30/2016,1729218111,5.56
12/1/2016,2928231654,5.5
12/2/2016,2021387171,5.45
12/3/2016,3198073937,5.44
12/4/2016,3433377939,5.49
12/5/2016,1384321704,5.5
12/6/2016,3025619885,5.32
12/7/2016,2978136852,5.21
12/8/2016,3002923403,5.18
12/9/2016,3033718186,5.14
12/10/2016,3465859574,5.18
12/11/2016,3157491729,5.15
12/12/2016,2580106773,5.04
12/14/2016,1719058130,5
12/15/2016,1946297839,4.93
12/16/2016,2222099576,4.86
12/17/2016,3260169956,4.75
12/18/2016,3054550373,4.9
12/19/2016,2169724587,4.76
12/20/2016,2424582441,4.75
12/21/2016,2341784400,4.74
12/22/2016,3318342526,4.78
12/23/2016,3058282577,4.82
12/24/2016,2831656266,4.75
12/25/2016,2542088055,4.8
12/26/2016,2184046908,4.82
12/27/2016,1369851359,4.73
12/28/2016,3216534119,4.54
12/29/2016,2765524231,4.8
12/30/2016,2586915584,4.65
12/31/2016,2688159125,4.61
1/1/2017,3341663972,4.7
1/2/2017,2645254301,4.7
1/3/2017,3827475833,4.71
1/4/2017,2524299902,4.74
1/5/2017,2495508267,4.95
1/6/2017,1908368898,4.7
1/7/2017,2635544678,4.82
1/8/2017,2554467184,4.77
1/9/2017,2098257990,4.57
1/10/2017,2005259562,4.7
1/11/2017,2319725893,4.75
1/12/2017,2464148014,4.8
1/13/2017,1891766128,4.8
1/14/2017,2774096238,4.63
1/15/2017,3454944688,4.7
1/16/2017,1569364058,4.84
1/17/2017,2593971510,4.7
1/18/2017,2426569534,4.61
1/19/2017,2840075141,4.8
1/20/2017,2509119978,4.97
1/21/2017,2865624715,4.83
1/22/2017,2617680952,4.74
1/23/2017,2835690106,4.55
1/24/2017,2683383835,4.62
1/25/2017,2138982287,4.65
1/26/2017,2089895504,4.65
1/27/2017,1475535618,4.45
1/28/2017,2894693756,4.44
1/29/2017,2333218761,4.69
1/30/2017,1592030484,4.6
1/31/2017,2500607299,4.74
2/1/2017,2015546868,4.51
2/2/2017,1809282900,4.51
2/3/2017,1803115578,4.41
2/4/2017,2099585533,4.41
2/5/2017,3451444135,4.46
2/6/2017,1776799099,4.4
2/7/2017,1505094444,4.35
2/8/2017,2958973370,4.34
2/9/2017,1600517045,4.5
2/10/2017,1780057004,4.51
2/11/2017,2738861983,4.23
2/12/2017,2346196163,4.14
2/13/2017,3689709621,4
2/14/2017,1210708235,4.1
2/15/2017,2259656371,4.19
2/16/2017,2002219743,4.19
2/17/2017,1918964810,4.25
2/18/2017,3318410715,4.06
2/19/2017,2831416941,4.06
2/20/2017,1898419125,4.06
2/21/2017,2576042389,4.01
2/22/2017,2318354187,4.01
2/23/2017,2020910769,4.09
2/24/2017,2403126562,4.16
2/25/2017,2737967674,4.25
2/26/2017,3418411912,4.16
2/27/2017,2995659710,4.06
2/28/2017,2522041209,4.15
3/1/2017,1917254051,4.3
3/2/2017,3042162000,4.32
3/3/2017,2257753265,4.11
3/4/2017,2474453788,4.2
3/5/2017,1524463959,4.15
3/6/2017,1742554738,3.97
3/7/2017,1806279973,4.05
3/8/2017,1534371618,3.96
3/9/2017,1493962963,3.97
3/10/2017,2261116146,4.08
3/11/2017,2549373466,4.11
3/12/2017,2438714341,3.83
3/13/2017,2575292495,4
3/14/2017,2241618873,4.03
3/15/2017,1294715844,4.12
3/16/2017,1060306255,4.15
3/17/2017,1420763051,4.18
3/18/2017,3045386592,4.15
3/19/2017,2322505170,4.2
3/20/2017,2094217476,4.14
3/21/2017,1675958215,4.34
3/22/2017,1602013790,4.37
3/23/2017,1654751321,4.37
3/24/2017,1624282318,4.22
3/25/2017,3070044269,4.09
3/26/2017,1779538498,4.22
3/27/2017,1651002140,4.23
3/28/2017,1349832634,4.09
3/29/2017,1413650247,4.4
3/30/2017,927873680,4.39
3/31/2017,2148336293,4.13
4/1/2017,2711242953,4.3
4/2/2017,1898144179,4.39
4/3/2017,1389048231,4.47
4/4/2017,1739694804,4.3
4/5/2017,2016671943,4.4
4/6/2017,1233885459,4.4
4/7/2017,1916954836,4.37
4/8/2017,2004823454,4.41
4/9/2017,1419419849,4.32
4/10/2017,1657070561,4.46
4/11/2017,1375353620,4.38
4/12/2017,1582503557,4.22
4/13/2017,1689077424,4.51
4/14/2017,1561507914,4.21
4/15/2017,1821422824,4.52
4/16/2017,1869570689,4.4
4/17/2017,2329014780,4.42
4/18/2017,2315445904,4.5
4/19/2017,2403934684,4.58
4/20/2017,1808661737,4.57
4/21/2017,1928790967,4.6
4/22/2017,2740255352,4.52
4/23/2017,2936474520,4.56
4/24/2017,2475314284,4.55
4/25/2017,1701063151,4.65
4/26/2017,2118286582,4.48
4/27/2017,2065090734,4.48
4/28/2017,2115042523,4.55
4/29/2017,1468069548,4.65
4/30/2017,3283923812,4.84
5/1/2017,2423172204,4.6
5/2/2017,1284683053,4.8
5/3/2017,1333516648,4.74
5/4/2017,1928487514,4.59
5/5/2017,1599935691,4.54
5/6/2017,1477675693,4.61
5/7/2017,2697700217,4.55
5/8/2017,2141198956,4.48
5/9/2017,2399506581,4.44
5/10/2017,1397806736,4.71
5/11/2017,1591995801,4.55
5/12/2017,1308865868,4.79
5/13/2017,2835714896,4.82
5/14/2017,2308310570,4.65
5/15/2017,1575706222,4.68
5/16/2017,1368616579,4.7
5/17/2017,1764258204,4.66
5/18/2017,1491212477,4.64
5/19/2017,2001275763,4.69
5/20/2017,1308713508,4.69
5/21/2017,2161608314,4.7
5/22/2017,2024596337,4.7
5/23/2017,1716824547,4.78
5/24/2017,997364753,4.74
5/25/2017,1623457449,4.73
5/26/2017,2317629619,4.77
5/27/2017,1838436423,4.73
5/28/2017,1721190838,4.78
5/29/2017,1839280473,4.76
5/30/2017,2319884416,4.77
5/31/2017,1783223211,4.75
6/1/2017,2148321420,4.75
6/2/2017,2106787031,4.72
6/3/2017,2001793632,4.65
6/4/2017,1575744427,4.65
6/5/2017,875125476,4.6
6/6/2017,1857132716,4.68
6/7/2017,1348010403,4.66
6/8/2017,1249310645,4.59
6/9/2017,2203824452,4.77
6/10/2017,1924473431,4.97
6/11/2017,2349668879,4.87
6/12/2017,2409831711,4.82
6/13/2017,1526059180,4.84
6/14/2017,1278676364,4.72
6/15/2017,1572950263,4.9
6/16/2017,992345624,4.87
6/17/2017,1746787770,4.85
6/18/2017,2706003864,4.82
6/19/2017,2029988634,4.8
6/20/2017,2784634578,5
6/21/2017,1267987712,5.28
6/22/2017,2230970655,4.95
6/23/2017,1835446354,5.02
6/24/2017,3507503428,4.9
6/25/2017,1976643092,5.19
6/26/2017,1509722984,5.01
6/27/2017,1628982773,5.03
6/28/2017,1803053472,5
6/29/2017,2668024050,4.87
6/30/2017,1908227139,4.92
7/1/2017,1743220214,5
7/2/2017,1941788893,5.29
7/3/2017,1331099327,5.22
7/4/2017,2698736964,4.98
7/5/2017,1168347199,5.07
7/6/2017,996418353,5.06
7/7/2017,1343211974,5.04
7/8/2017,1751831551,5.04
7/9/2017,1839521960,4.95
7/10/2017,1274983960,5.04
7/11/2017,1156305643,4.95
7/12/2017,1456994930,5.04
7/13/2017,1596020681,4.96
7/14/2017,1242792000,5.03
7/15/2017,1276642656,5
7/16/2017,2476314831,5.07
7/17/2017,1680950080,5.28
7/18/2017,837092812,5.21
7/19/2017,1512174458,5.2
7/20/2017,2396603868,5.2
7/21/2017,2042013044,5.4
7/22/2017,2409399796,5
7/23/2017,1533156668,5.03
7/24/2017,1370921563,5.24
7/25/2017,931779550,5.59
7/26/2017,1349692271,5.18
7/27/2017,1094446873,5.22
7/28/2017,1354648923,5.22
7/29/2017,1906108716,4.94
7/30/2017,2246816143,5.25
7/31/2017,2543959135,5.77
8/1/2017,1230511741,5.19
8/2/2017,924198281,5.29
8/3/2017,1087805719,5.24
8/4/2017,1811270756,5.29
8/5/2017,1783304147,5.25
8/6/2017,1132213258,5.58
8/7/2017,1827289911,5.51
8/8/2017,1156459161,5.52
8/9/2017,1018951975,5.53
8/10/2017,1699223130,5.18
8/11/2017,1103376327,5.54
8/12/2017,1253991865,5.59
8/13/2017,2284008797,5.5
8/14/2017,1227763714,5.38
8/15/2017,964196278,5.72
8/16/2017,975792468,5.56
8/17/2017,1073019823,5.61
8/18/2017,2037715691,5.55
8/19/2017,1553895860,5.55
8/20/2017,2353620227,5.39
8/21/2017,1932825266,5.35
8/22/2017,2237760802,5.7
8/23/2017,1213504542,5.76
8/24/2017,1128952484,5.77
8/25/2017,1247057313,5.6
8/26/2017,1941017138,5.74
8/27/2017,1947731686,5.5
8/28/2017,1210002262,5.69
8/29/2017,675428988,5.44
8/30/2017,1346317754,5.7
8/31/2017,1964037610,5.72
9/1/2017,1099004772,5.8
9/2/2017,1572314781,5.97
9/3/2017,1550926583,5.63
9/4/2017,1384164829,6.03
9/5/2017,1626183628,5.99
9/6/2017,1157072281,5.45
9/7/2017,1253645232,5.79
9/8/2017,1519190579,5.66
9/9/2017,1435303743,5.87
9/10/2017,2007498680,5.52
9/11/2017,2682336859,5.52
9/12/2017,2535374270,5.6
9/13/2017,4610549784,5.69
9/14/2017,1518272933,5.5
9/15/2017,1266752716,5.96
9/16/2017,1808140909,5.64
9/17/2017,1358839348,5.6
9/18/2017,1167734123,5.57
9/19/2017,1523334783,5.64
9/20/2017,1273876661,5.64
9/21/2017,1302774896,5.96
9/22/2017,1355014482,6
9/23/2017,1238035446,5.96
9/24/2017,1671022578,5.82
9/25/2017,2443240103,6.04
9/26/2017,943833784,5.55
9/27/2017,1105696621,5.91
9/28/2017,1361577799,5.6
9/29/2017,993869971,5.6
9/30/2017,1777266592,5.55
10/1/2017,1708702121,5.52
10/2/2017,5830467178,3.6
10/3/2017,2982192408,3.6
10/4/2017,1846041184,5.69
10/5/2017,2583178278,5.24
10/6/2017,2067567175,5.01
10/7/2017,2067876185,5.2
10/8/2017,1894623410,5.16
10/9/2017,881164074,5.17
10/10/2017,2098537673,5.01
10/11/2017,1760189916,5.11
10/12/2017,2668060913,5.15
10/13/2017,1607542015,5.37
10/14/2017,1822528521,5.34
10/15/2017,2362101893,5.14
10/16/2017,1580205556,5.11
10/17/2017,2661060382,5
10/18/2017,1444423682,5.01
10/19/2017,1420522730,5.07
10/20/2017,1929685341,4.98
10/21/2017,1906722998,5
10/22/2017,1968727806,4.89
10/23/2017,1702779838,4.73
10/24/2017,1467488238,4.64
10/25/2017,1184048967,4.9
10/26/2017,1505129415,4.98
10/27/2017,891462416,4.86
10/28/2017,3325484280,4.98
10/29/2017,2954898522,5.05
10/30/2017,1985874047,5.02
10/31/2017,1213901885,5.03
11/1/2017,2051843200,4.81
11/2/2017,1667576847,4.88
11/3/2017,2018374294,4.93
11/4/2017,3099242280,4.85
11/5/2017,2764371113,4.76
11/7/2017,3865529323,5.3
11/9/2017,1816042668,4.93
11/10/2017,1468722148,4.72
11/12/2017,2597323497,4.59
11/14/2017,2251641953,4.6
11/15/2017,1396642219,4.7
11/17/2017,1219209740,4.46
11/18/2017,1643533761,4.46
11/19/2017,3770117039,4.8
11/21/2017,2132518084,4.91
11/22/2017,1635009681,4.74
11/23/2017,1582761390,4.36
11/25/2017,1761358956,4.52
11/26/2017,2389427699,4.88
11/28/2017,1496371361,4.68
11/29/2017,1791084981,4.62
11/30/2017,1613668691,4.63
12/2/2017,2422954243,4.64
12/3/2017,1326940961,4.69
12/5/2017,1619018428,4.8
12/7/2017,1648319704,4.44
12/8/2017,1800623971,4.73
12/10/2017,2571383260,4.62
12/12/2017,868347872,4.3
12/13/2017,1350852305,4.54
12/15/2017,1835753533,4.6
12/17/2017,2171307821,4.6
12/18/2017,1363421555,4.39
12/20/2017,1069687830,4.65
12/22/2017,870514200,4.73
12/23/2017,1763620555,4.82
12/25/2017,2677665755,5.2
12/26/2017,1413839524,4.65
12/28/2017,1697590814,4.61
12/29/2017,1683204782,4.85
12/31/2017,1439500186,4.82
1/1/2018,1915309326,4.55
1/3/2018,2099771225,4.8
1/4/2018,1574349059,4.57
1/6/2018,1635390524,4.94
1/7/2018,1434037176,4.95
1/9/2018,1176281212,4.79
1/10/2018,1758116135,4.75
1/12/2018,1936742983,4.94
1/14/2018,2658260660,4.49
1/15/2018,2695137812,6.08
1/17/2018,1223891340,4.91
1/19/2018,1032378074,4.68
1/20/2018,1148043160,5.01
1/22/2018,2081526255,5.16
1/23/2018,1025581922,5.1
2/19/2018,1423023359,5.85
2/20/2018,1916117598,5.58
2/21/2018,2084378261,5.68
2/22/2018,1744950053,5.5
2/23/2018,1434513996,5.41
2/24/2018,1235688914,5.57
2/25/2018,1157998426,5.3
2/26/2018,2617562593,5.26
2/27/2018,1117914195,5.47
2/28/2018,1775827735,5.18
3/1/2018,1354584201,5.35
3/2/2018,1124610531,5.29
3/3/2018,995294040,5.37
3/4/2018,2338752550,5.32
3/5/2018,1932600545,5.44
3/6/2018,1516819611,5.38
3/7/2018,2185529598,5.31
3/8/2018,1078719147,5.42
3/9/2018,3184762838,5.1
3/10/2018,1621897826,5.34
3/11/2018,2689505800,5.2
3/12/2018,1587399244,5.2
3/13/2018,1385010525,5.2
3/14/2018,1276655957,5.2
3/15/2018,1090193163,5.2
3/16/2018,1321405159,5.28
3/17/2018,1927014305,5.23
3/18/2018,2356776359,5.21
3/19/2018,1969245737,5.05
3/20/2018,1040017089,5.05
3/21/2018,1266729913,5.32
3/22/2018,1242076536,5.31
3/23/2018,1301327414,5.17
3/24/2018,1343761887,5.17
3/25/2018,1903784224,5.3
3/26/2018,1871053915,5.3
3/27/2018,1559808892,5.28
3/28/2018,2033013020,5.27
3/29/2018,1492571705,5.37
3/30/2018,1409879898,5.3
3/31/2018,1954030603,5.27
4/1/2018,1714929047,5.35
4/2/2018,1867035188,5.38
4/3/2018,2212564606,5.42
4/4/2018,1555542696,5.36
4/5/2018,1040390992,5.14
4/6/2018,985786188,5.26
4/7/2018,1184587941,5.3
4/8/2018,1620468788,5.37
4/9/2018,1632056601,5.35
4/10/2018,1113251988,5.17
4/11/2018,2009171078,5.12
4/12/2018,877607859,5.13
4/13/2018,1529752331,5.3
4/14/2018,1671436257,5.24
4/15/2018,1524367752,5.25
4/16/2018,2283096239,5.39
4/17/2018,2400672799,5.18
4/18/2018,2092632147,5.21
4/19/2018,1703416450,5.38
4/20/2018,1899644722,5.33
4/21/2018,953369879,5.51
4/22/2018,2471276367,5.53
4/23/2018,1420243331,5.31
4/24/2018,1232810464,5.27
4/25/2018,1208589167,5.38
4/26/2018,1419859105,5.37
4/27/2018,1699353439,5.09
4/28/2018,1035557065,5.33
4/29/2018,1733326435,5.21
4/30/2018,1180774042,5.28
5/1/2018,1359987631,5.26
5/2/2018,913109448,5.31
5/3/2018,1936412736,5.32
5/4/2018,1263881466,5.37
5/5/2018,1482990095,5.47
5/6/2018,1795447610,5.49
5/7/2018,1585815819,5.28
5/8/2018,1181275100,5.26
5/9/2018,1618320444,5.3
5/10/2018,895137797,5.46
5/11/2018,1463427138,5.23
5/12/2018,2114114698,5.5
5/13/2018,1925899852,5.43
5/14/2018,1654505236,5.4
5/15/2018,2387484798,5.34
5/16/2018,1255174170,5.85
5/17/2018,2106581005,5.42
5/18/2018,1457321484,5.29
5/22/2018,1854252000,5.28
5/23/2018,1856772179,5.4
5/24/2018,993306025,5.4
5/25/2018,1174677382,5.3
5/26/2018,1138439532,5.38
5/27/2018,2452615549,5.37
5/28/2018,2700754131,5.27
5/29/2018,1669846098,5.2
5/30/2018,1707771319,5.2
5/31/2018,1733726604,5.13
6/1/2018,2601819423,5.03
6/2/2018,1620646082,5.56
6/3/2018,1195003813,5.17
6/4/2018,2039413607,5.55
6/5/2018,2448282498,5.21
6/6/2018,1267070058,5.38
6/7/2018,1588479874,5.69
6/8/2018,2544788926,5.4
6/9/2018,1705888052,5.39
6/10/2018,1948964213,5.2
6/11/2018,1759979838,5.28
6/12/2018,824008050,5.2
6/13/2018,1814789116,5.21
6/14/2018,656571578,5.04
6/15/2018,1463616176,5
6/16/2018,1056049134,5.01
6/17/2018,2379504047,5.1
6/18/2018,860952406,5.13
6/19/2018,1535677298,5.1
6/20/2018,1274155515,5.12
6/21/2018,979659245,5.14
6/22/2018,1928047610,5.17
6/23/2018,1235073912,5.03
6/24/2018,1774337673,5.1
6/25/2018,1170113948,5.22
6/26/2018,1698784004,4.98
6/27/2018,1794332492,4.98
6/28/2018,2000017940,4.99
6/29/2018,561318301,5
6/30/2018,1052269180,4.8
7/1/2018,2231206173,4.99
7/2/2018,1288111980,5
7/3/2018,1509653740,4.99
7/4/2018,783954976,5.08
7/5/2018,1498668137,5.08
7/6/2018,1690741602,4.97
7/7/2018,1174288152,5
7/8/2018,1887508854,5
7/9/2018,1607508013,5.06
7/10/2018,1519357723,4.92
7/11/2018,1649939974,5.07
7/12/2018,1850470473,4.97
7/13/2018,1902485467,5.06
7/14/2018,1610705745,5.08
7/15/2018,1576073254,5.18
7/16/2018,1136727265,5.15
7/17/2018,1738538215,5.2
7/18/2018,1420461758,5.17
7/19/2018,1077565566,5.18
7/20/2018,2416293954,5.13
7/21/2018,1694049345,5.26
7/22/2018,1585333775,5.37
7/23/2018,1660754582,5.38
7/24/2018,1224237020,5.83
7/25/2018,1711300897,5.21
7/26/2018,1500834725,5.45
7/27/2018,1523762327,5.21
7/28/2018,1595807243,5.21
7/29/2018,1534926610,5.51
7/30/2018,1539414679,5.87
7/31/2018,1164284144,6.82
8/1/2018,1855657311,5.98
8/2/2018,996018264,6.6
8/3/2018,1325451882,6.34
8/4/2018,1906223905,6
8/5/2018,1608754354,6.09
8/6/2018,1577732391,5.72
8/7/2018,1470598775,6.24
8/8/2018,851527722,6.71
8/9/2018,1381025469,6.98
8/10/2018,1942482933,6.73
8/11/2018,2051928760,6.22
8/12/2018,1387067591,6.3
8/13/2018,2970029670,6.04
8/14/2018,1290095311,6.23
8/15/2018,1331924632,6.98
8/16/2018,2608328830,6.98
8/17/2018,1505105103,7.1
8/18/2018,1125902484,7.27
8/19/2018,1825972538,7.21
8/20/2018,1925247216,7.2
8/21/2018,1913962404,7.2
8/22/2018,2193456346,7.04
8/23/2018,1793467489,7.2
8/24/2018,1312323824,6.79
8/25/2018,2053686792,6.67
8/26/2018,2812308794,6.75
8/27/2018,1176766167,6.42
8/28/2018,1370969569,6.37
8/29/2018,1730316477,6.4
8/30/2018,2271877056,6.36
8/31/2018,1933307612,6.16
9/1/2018,1043287093,6.21
9/2/2018,1959663763,6.47
9/3/2018,2137924480,6.1
9/4/2018,2551705326,6.13
9/5/2018,864737400,6.01
9/6/2018,1192189850,5.81
9/7/2018,634306678,6
9/8/2018,1517904717,5.9
9/9/2018,1871323234,5.9
9/10/2018,1229577888,5.98
9/11/2018,1074611632,5.96
9/12/2018,715467376,5.96
9/13/2018,722136472,5.85
9/14/2018,1341357564,5.93
9/15/2018,1409747631,5.83
9/16/2018,2366197212,5.5
9/17/2018,1766838135,5.3
9/18/2018,1893009077,5.32
9/19/2018,1956687320,5.68
9/20/2018,1536618633,5.61
9/21/2018,1504520335,5.56
9/22/2018,1022442347,5.55
9/23/2018,2404873903,5.41
9/24/2018,2058878042,5.42
9/25/2018,1313374191,5.37
9/26/2018,1264553909,5.39
9/27/2018,2224651674,5.6
9/28/2018,2055517395,5.36
9/29/2018,2043819816,5.1
9/30/2018,1088495983,5.23
10/1/2018,1851102803,5.13
10/2/2018,2847382395,5.32
10/3/2018,1747520174,5.12
10/4/2018,1560572644,5.2
10/5/2018,2372160311,5.21
10/6/2018,2353533272,5.34
10/7/2018,1521818268,5.2
10/8/2018,1400090866,5.1
10/9/2018,1332027698,5.25
10/10/2018,1489757880,5.08
10/11/2018,1889133721,5.05
10/12/2018,1445364070,5.12
10/13/2018,2151418956,5.11
10/14/2018,2004917564,5
10/15/2018,928564786,5.2
10/16/2018,1368152331,5.06
10/17/2018,2255410555,5.07
10/18/2018,1388301093,5
10/19/2018,1784792446,5.15
10/20/2018,1898536419,5
10/21/2018,3177070977,4.85
10/22/2018,1204788140,4.96
10/23/2018,2045454049,5.03
10/24/2018,1840044990,4.95
10/25/2018,1114339774,5.01
10/26/2018,1774882408,4.84
10/27/2018,1625324092,5.08
10/28/2018,1977590389,4.98
10/29/2018,1703400992,5.08
10/30/2018,751882978,4.97
10/31/2018,1562851820,5.06
11/1/2018,1457039187,5.02
11/2/2018,1549743821,4.95
11/3/2018,1769401063,5
11/4/2018,1523975755,4.96
11/5/2018,1808215590,4.9
11/6/2018,970406896,4.98
11/7/2018,1868400366,4.62
11/8/2018,2502903920,5
11/9/2018,1699038453,4.98
11/10/2018,2562585303,5.02
11/11/2018,1388253998,4.97
11/12/2018,1247962220,4.9
11/13/2018,1997953982,4.87
11/14/2018,1394834558,4.95
11/15/2018,1005434010,4.85
11/16/2018,1395194358,5.01
11/17/2018,2565339577,4.9
