,actual,forecast_1,forecast_2,forecast_3,forecast_4,forecast_5,forecast_6,forecast_7
2016-01-01,6.099999904632568,0.0,0.0,0.0,0.0,0.0,0.0,0.0
2016-01-02,6.070000171661377,6.1,0.0,0.0,0.0,0.0,0.0,0.0
2016-01-03,6.130000114440918,6.0862784,6.1,0.0,0.0,0.0,0.0,0.0
2016-01-04,6.039999961853027,6.1101108,6.092836,6.1,0.0,0.0,0.0,0.0
2016-01-05,6.039999961853027,6.072475,6.1019874,6.092836,6.1,0.0,0.0,0.0
2016-01-06,6.059999942779541,6.0696354,6.085964,6.1017113,6.092836,6.1,0.0,0.0
2016-01-07,6.079999923706055,6.0717907,6.079903,6.086451,6.1017113,6.092836,6.1,0.0
2016-01-08,6.039999961853027,6.0788674,6.0752344,6.0804715,6.086974,6.1017113,6.0928354,6.1
2016-01-09,6.039999961853027,6.0521536,6.077117,6.075483,6.0809326,6.086974,6.1017113,6.0928354
2016-01-10,6.099999904632568,6.048562,6.0595646,6.077078,6.0758467,6.0757565,6.086974,6.1017113
2016-01-11,6.119999885559082,6.074539,6.054203,6.0598593,6.077139,6.0730133,6.075756,6.086974
2016-01-12,6.050000190734863,6.0937247,6.0657177,6.0545154,6.0601707,6.0752654,6.0719934,6.075756
2016-01-13,6.090000152587891,6.063876,6.0826387,6.065403,6.054794,6.056118,6.0749383,6.0719934
2016-01-14,6.03000020980835,6.0816545,6.070738,6.0820823,6.065175,6.051709,6.054544,6.073905
2016-01-15,6.079999923706055,6.0508084,6.078134,6.070915,6.0816097,6.067591,6.050511,6.051814
2016-01-16,6.110000133514404,6.0747685,6.061244,6.078055,6.070999,6.085586,6.0682096,6.0473223
2016-01-17,6.150000095367432,6.0945597,6.0717826,6.0616484,6.077874,6.069635,6.08681,6.068882
2016-01-18,5.989999771118164,6.1201873,6.085729,6.0717616,6.062096,6.080493,6.0690255,6.0890956
2016-01-19,5.949999809265137,6.037923,6.1047225,6.085327,6.071708,6.058707,6.0811095,6.067889
2016-01-20,5.960000038146973,6.004061,6.0611243,6.103982,6.085046,6.0715876,6.0579515,6.081941
2016-01-21,6.050000190734863,5.993376,6.030466,6.0619464,6.1032524,6.0881605,6.071861,6.056101
2016-01-22,6.099999904632568,6.0368342,6.0112886,6.0318117,6.0626407,6.109486,6.0888896,6.072912
2016-01-23,6.170000076293945,6.0660825,6.0307965,6.0123086,6.032939,6.056054,6.111427,6.0909934
2016-01-24,6.139999866485596,6.109041,6.0505576,6.030722,6.013496,6.0226207,6.0538163,6.1149716
2016-01-25,6.099999904632568,6.100876,6.081922,6.0498424,6.0309033,6.0032077,6.019654,6.049481
2016-01-26,6.079999923706055,6.0914917,6.0867906,6.080623,6.0493355,6.0269217,6.000412,6.013053
2016-01-27,6.070000171661377,6.088709,6.089514,6.085924,6.079335,6.0518546,6.0261755,5.994917
2016-01-28,6.090000152587891,6.0892997,6.091575,6.0892887,6.0849557,6.090382,6.0519524,6.025162
2016-01-29,6.090000152587891,6.0990434,6.093667,6.091676,6.088817,6.0951023,6.0929112,6.053024
2016-01-30,6.03000020980835,6.09789,6.097996,6.093879,6.0916376,6.0949445,6.097603,6.0967274
2016-01-31,6.050000190734863,6.0593567,6.0970926,6.0979958,6.094062,6.094576,6.0969234,6.1011786
2016-02-01,6.050000190734863,6.058857,6.0718646,6.0970483,6.098023,6.093582,6.095877,6.0999227
2016-02-02,5.980000019073486,6.055234,6.0640063,6.0723834,6.097048,6.097941,6.094196,6.0988545
2016-02-03,6.070000171661377,6.0155115,6.0591536,6.064349,6.072865,6.0967793,6.098309,6.096316
2016-02-04,6.110000133514404,6.053836,6.0337963,6.0593705,6.064666,6.06769,6.096755,6.100586
2016-02-05,6.139999866485596,6.0782175,6.0480814,6.0346055,6.059695,6.0616283,6.0660806,6.097501
2016-02-06,6.03000020980835,6.1010447,6.065093,6.0480223,6.0354214,6.0565586,6.060609,6.0629315
2016-02-07,6.070000171661377,6.0517693,6.0844975,6.064482,6.048004,6.026171,6.0556602,6.058381
2016-02-08,6.019999980926514,6.067619,6.0632176,6.0836678,6.0640774,6.0476966,6.0234585,6.0535946
2016-02-09,6.099999904632568,6.0417013,6.0675898,6.0635333,6.0828276,6.0677066,6.047257,6.018022
2016-02-10,5.980000019073486,6.085863,6.052609,6.0677037,6.0637074,6.089414,6.0686355,6.046412
2016-02-11,5.909999847412109,6.0246596,6.0766783,6.0530677,6.067654,6.062527,6.091252,6.0698123
2016-02-12,5.75,5.9723816,6.043899,6.076401,6.0536118,6.0693827,6.061669,6.0946846
2016-02-13,5.909999847412109,5.861628,6.0023274,6.0446167,6.076138,6.04979,6.070054,6.0597086
2016-02-14,5.949999809265137,5.9185653,5.919396,6.0037823,6.0454006,6.077658,6.049026,6.0703816
2016-02-15,5.949999809265137,5.9337215,5.9275637,5.922131,6.0050726,6.0376477,6.0785685,6.0478024
2016-02-16,5.900000095367432,5.9354234,5.931827,5.928523,5.9249043,5.9912777,6.0350366,6.0811534
2016-02-17,5.78000020980835,5.899383,5.933981,5.931837,5.929717,5.898334,5.9872003,6.0306807
2016-02-18,5.889999866485596,5.828863,5.909214,5.9339004,5.932397,5.9160843,5.890175,5.9782934
2016-02-19,5.889999866485596,5.873221,5.862576,5.9096127,5.9339094,5.924028,5.9123096,5.8736467
2016-02-20,5.860000133514404,5.8870935,5.8748384,5.8640947,5.909972,5.9283633,5.921017,5.904047
2016-02-21,5.900000095367432,5.871861,5.8883243,5.875244,5.8655186,5.905557,5.9258885,5.915437
2016-02-22,5.809999942779541,5.8853965,5.879355,5.888391,5.875723,5.851599,5.902642,5.91979
2016-02-23,5.889999866485596,5.8362103,5.882357,5.8796816,5.888776,5.8711143,5.847233,5.8950458
2016-02-24,5.900000095367432,5.8700094,5.8535686,5.882303,5.880007,5.884032,5.8698044,5.835127
2016-02-25,5.889999866485596,5.885897,5.865735,5.8542686,5.882264,5.8736014,5.882669,5.8666425
2016-02-26,5.900000095367432,5.8842125,5.8804574,5.865729,5.8550024,5.882487,5.871433,5.8800154
2016-02-27,5.960000038146973,5.8890657,5.882257,5.8801837,5.8656936,5.847614,5.881613,5.8671227
2016-02-28,5.739999771118164,5.9258795,5.8853908,5.8821187,5.8800898,5.8653226,5.8453836,5.8792877
2016-02-29,5.869999885559082,5.8142085,5.909966,5.885215,5.8819466,5.8812885,5.8651776,5.838963
2016-03-01,5.809999942779541,5.8685503,5.850184,5.9092574,5.884997,5.881996,5.881433,5.8647943
2016-03-02,5.989999771118164,5.836284,5.867518,5.851538,5.9085674,5.887545,5.8820944,5.8816576
2016-03-03,5.920000076293945,5.9277534,5.848613,5.867835,5.852786,5.9158893,5.8878136,5.8818717
2016-03-04,5.949999809265137,5.9042315,5.8977923,5.8491206,5.8679843,5.8406167,5.918172,5.888531
2016-03-05,5.920000076293945,5.923907,5.8967257,5.8966527,5.849944,5.866845,5.8371696,5.921818
2016-03-06,6.019999980926514,5.907247,5.911635,5.8961067,5.895563,5.8432827,5.866562,5.830428
2016-03-07,5.929999828338623,5.974918,5.904463,5.9110413,5.8956385,5.9029307,5.841415,5.8662963
2016-03-08,5.860000133514404,5.9405103,5.9509397,5.904221,5.9101934,5.9003577,5.905551,5.8377423
2016-03-09,5.920000076293945,5.9074397,5.941931,5.9499006,5.9039207,5.9174037,5.90075,5.911069
2016-03-10,5.949999809265137,5.9236135,5.9238214,5.9417486,5.948799,5.909705,5.9195633,5.9024434
2016-03-11,5.730000019073486,5.9416447,5.922968,5.924525,5.9415493,5.960387,5.911071,5.9219084
2016-03-12,5.909999847412109,5.8236127,5.934595,5.9231043,5.9249625,5.944666,5.964647,5.9138975
2016-03-13,5.929999828338623,5.89539,5.8663354,5.934291,5.9232473,5.920884,5.9457955,5.9725823
2016-03-14,5.960000038146973,5.9041147,5.888564,5.8680634,5.9341583,5.9240828,5.9200196,5.9497766
2016-03-15,6.079999923706055,5.9265966,5.894546,5.888705,5.8696938,5.9353223,5.9244065,5.9186926
2016-03-16,5.860000133514404,6.0004334,5.912755,5.8940735,5.8887715,5.8520117,5.9363337,5.925756
2016-03-17,5.860000133514404,5.9017596,5.9636664,5.9120746,5.8940325,5.888162,5.8467445,5.938541
2016-03-18,5.940000057220459,5.8862247,5.9218616,5.9619775,5.911365,5.895088,5.8875246,5.837427
2016-03-19,5.949999809265137,5.933457,5.9015255,5.922338,5.960286,5.9143443,5.895417,5.8861547
2016-03-20,6.019999980926514,5.9453664,5.9276166,5.9023714,5.922657,5.977645,5.915421,5.8951607
2016-03-21,5.860000133514404,5.985014,5.9387345,5.927523,5.9028225,5.9203935,5.9815855,5.9176397
2016-03-22,5.849999904632568,5.9062834,5.9646645,5.9383955,5.9276266,5.8996572,5.919914,5.989968
2016-03-23,5.909999847412109,5.878634,5.925767,5.9637394,5.93822,5.9300585,5.898987,5.9165306
2016-03-24,5.809999942779541,5.9063015,5.89565,5.926382,5.962808,5.938049,5.9311624,5.898016
2016-03-25,6.010000228881836,5.8585734,5.906138,5.896562,5.9269013,5.970571,5.939022,5.93394
2016-03-26,6.090000152587891,5.9524884,5.8803077,5.9063015,5.897232,5.922303,5.9723053,5.9417763
2016-03-27,5.989999771118164,6.0097346,5.925314,5.8812203,5.906642,5.891221,5.920517,5.9778953
2016-03-28,6.130000114440918,5.9710402,5.9715624,5.924387,5.8822474,5.905182,5.8896065,5.9157643
2016-03-29,6.090000152587891,6.0529404,5.963843,5.9696803,5.923507,5.870243,5.9049344,5.885472
2016-03-30,5.980000019073486,6.058389,6.016859,5.963155,5.9681044,5.9305935,5.8672605,5.9047637
2016-03-31,6.150000095367432,6.0121794,6.0396676,6.0152655,5.962244,5.983696,5.932144,5.8615932
2016-04-01,6.190000057220459,6.1073236,6.021973,6.038515,6.013393,5.969194,5.98783,5.9364367
2016-04-02,6.159999847412109,6.145489,6.077619,6.022197,6.037355,6.034469,5.971252,5.995108
2016-04-03,6.159999847412109,6.1409674,6.114135,6.0764656,6.0220647,6.0524197,6.0400934,5.9744625
2016-04-04,6.210000038146973,6.1504316,6.123658,6.1125145,6.075195,6.024042,6.0576296,6.051499
2016-04-05,6.059999942779541,6.1794147,6.1372557,6.1226134,6.1110735,6.0911603,6.02569,6.0669594
2016-04-06,6.170000076293945,6.1082344,6.1584563,6.1365266,6.1213408,6.127089,6.09608,6.030563
2016-04-07,6.389999866485596,6.164558,6.1250687,6.1574407,6.135537,6.1330037,6.1328287,6.1082025
2016-04-08,6.150000095367432,6.287036,6.1533284,6.1255674,6.1563144,6.1481233,6.136973,6.1448636
2016-04-09,6.179999828338623,6.185161,6.2303987,6.1530247,6.125914,6.1704144,6.151571,6.147052
2016-04-10,6.170000076293945,6.1906257,6.1945105,6.2278996,6.152538,6.124119,6.1754107,6.159613
2016-04-11,6.130000114440918,6.182814,6.191185,6.194335,6.2256937,6.1586003,6.1244617,6.1849794
2016-04-12,5.989999771118164,6.158917,6.1854258,6.1913033,6.1940618,6.249494,6.160875,6.1268334
2016-04-13,6.059999942779541,6.081892,6.169649,6.185542,6.1908755,6.1951823,6.256897,6.1672535
2016-04-14,6.03000020980835,6.097222,6.1206636,6.1701274,6.1857414,6.196171,6.196098,6.272873
2016-04-15,5.989999771118164,6.0577154,6.1114335,6.122405,6.170586,6.1891155,6.1972675,6.198696
2016-04-16,6.0,6.02739,6.075091,6.1124225,6.124079,6.1651716,6.1904263,6.200672
2016-04-17,6.010000228881836,6.01617,6.0493593,6.075966,6.1134615,6.107468,6.165149,6.192131
2016-04-18,5.869999885559082,6.0110292,6.0307074,6.05046,6.077164,6.1029415,6.1022973,6.1657376
2016-04-19,5.960000038146973,5.9283175,6.0199094,6.0315404,6.051637,6.0643015,6.099816,6.0950174
2016-04-20,5.960000038146973,5.96198,5.9656787,6.020429,6.0324955,6.0363355,6.0604267,6.0929556
2016-04-21,6.0,5.957902,5.9707456,5.9673414,6.021131,6.02171,6.031513,6.052544
2016-04-22,5.980000019073486,5.9781394,5.964574,5.9714904,5.969055,6.012548,6.0174413,6.021595
2016-04-23,6.019999980926514,5.970568,5.9744744,5.964943,5.9722805,5.9500318,6.009615,6.0081873
2016-04-24,6.059999942779541,5.992798,5.97215,5.9743867,5.9656477,5.9630914,5.943924,6.001483
2016-04-25,6.070000171661377,6.018332,5.985258,5.9721794,5.9743867,5.957829,5.9597626,5.9307466
2016-04-26,6.0,6.041492,6.0038495,5.984956,5.9722705,5.9708557,5.955112,5.9520383
2016-04-27,6.0,6.012756,6.0282817,6.003163,5.9846344,5.9705358,5.9695644,5.9483685
2016-04-28,5.949999809265137,6.0119495,6.0180016,6.027579,6.0025277,5.987176,5.9689817,5.9661274
2016-04-29,6.050000190734863,5.9828053,6.015942,6.0180893,6.026841,6.009149,5.987683,5.9653316
2016-04-30,6.0,6.0316033,5.9967737,6.016163,6.0180345,6.0339804,6.0109205,5.9866014
2016-05-01,6.010000228881836,6.0099506,6.020377,5.9974017,6.016246,6.0192842,6.0361924,6.0140147
2016-05-02,6.099999904632568,6.0105414,6.0123343,6.0200443,5.998047,6.016785,6.0196095,6.0402985
2016-05-03,6.039999961853027,6.0546484,6.01017,6.0123215,6.019767,5.9929075,6.017154,6.0204754
2016-05-04,5.860000133514404,6.03557,6.034693,6.010178,6.012442,6.0220094,5.9917917,6.017813
2016-05-05,5.949999809265137,5.938793,6.033495,6.033848,6.0100784,6.010865,6.0230393,5.989956
2016-05-06,6.0,5.9694157,5.9765587,6.033207,6.0330706,6.009741,6.010253,6.0259457
2016-05-07,5.949999809265137,5.990548,5.9784894,5.9781284,6.03293,6.041814,6.0095296,6.0097585
2016-05-08,5.980000019073486,5.967507,5.9865255,5.9792514,5.979425,6.0354395,6.044009,6.0088058
2016-05-09,5.949999809265137,5.976773,5.9753747,5.986447,5.979953,5.9666305,6.036494,6.048232
2016-05-10,5.900000095367432,5.9539223,5.976203,5.9756646,5.986732,5.974888,5.9627814,6.037842
2016-05-11,5.860000133514404,5.9205704,5.9600463,5.976258,5.976026,5.9841,5.9734,5.9556174
2016-05-12,5.940000057220459,5.8980603,5.9361606,5.9602976,5.9762707,5.9688845,5.983877,5.9702525
2016-05-13,5.860000133514404,5.9320397,5.9186707,5.9368787,5.960611,5.975277,5.9668307,5.9834476
2016-05-14,5.809999942779541,5.8878226,5.930241,5.919695,5.937553,5.957884,5.9739304,5.9637966
2016-05-15,5.880000114440918,5.8515863,5.9039397,5.9303718,5.9207234,5.9301333,5.956825,5.97132
2016-05-16,5.760000228881836,5.8732686,5.874784,5.9045997,5.930644,5.910595,5.9280515,5.952547
2016-05-17,5.849999904632568,5.80712,5.875625,5.875922,5.9054213,5.9273634,5.907381,5.9233227
2016-05-18,5.840000152587891,5.841151,5.835143,5.8759565,5.8769836,5.8958163,5.926409,5.9010973
2016-05-19,5.71999979019165,5.837739,5.8428087,5.836346,5.8764243,5.8645344,5.892805,5.9240313
2016-05-20,5.699999809265137,5.7683268,5.841186,5.843159,5.8377066,5.8719563,5.8604193,5.8867383
2016-05-21,5.599999904632568,5.74046,5.79718,5.8413467,5.8435135,5.822717,5.8700604,5.8517365
2016-05-22,5.5,5.6755004,5.766794,5.7984295,5.841766,5.8378077,5.8183355,5.8653407
2016-05-23,5.699999809265137,5.595335,5.7174034,5.768193,5.7996283,5.8373837,5.835671,5.8082952
2016-05-24,5.949999809265137,5.6773934,5.649089,5.7194324,5.76955,5.785116,5.835441,5.8314447
2016-05-25,5.809999942779541,5.813211,5.6745925,5.6517735,5.7216287,5.7559533,5.780759,5.8305964
2016-05-26,5.920000076293945,5.7656035,5.756431,5.675013,5.654567,5.699561,5.751152,5.770624
2016-05-27,5.599999904632568,5.832078,5.7529845,5.754009,5.675811,5.624197,5.6929903,5.7412934
2016-05-28,5.789999961853027,5.6800313,5.7984276,5.7518797,5.752227,5.665415,5.615122,5.6780972
2016-05-29,5.960000038146973,5.769934,5.7243633,5.7968807,5.7508063,5.765881,5.661536,5.5966434
2016-05-30,5.579999923706055,5.88397,5.762147,5.72589,5.7948747,5.7563324,5.7691817,5.6534853
2016-05-31,5.559999942779541,5.7087264,5.840882,5.7622633,5.7272167,5.8149576,5.756797,5.7742434
2016-06-01,5.769999980926514,5.650522,5.7589903,5.838986,5.762052,5.7194295,5.819395,5.7562537
2016-06-02,5.679999828338623,5.7380004,5.6931534,5.7606726,5.837613,5.765305,5.717204,5.8260226
2016-06-03,5.860000133514404,5.691022,5.724547,5.6954536,5.762192,5.8543425,5.767847,5.7096624
2016-06-04,5.550000190734863,5.7920194,5.7004533,5.7244067,5.6972213,5.742968,5.8596387,5.7731576
2016-06-05,5.599999904632568,5.637098,5.7598515,5.700713,5.7247534,5.68045,5.7382216,5.873575
2016-06-06,5.659999847412109,5.624728,5.6803727,5.7585893,5.7013655,5.725365,5.6742554,5.729318
2016-06-07,5.539999961853027,5.6544003,5.6467385,5.68187,5.7572656,5.690152,5.7257614,5.6636066
2016-06-08,5.429999828338623,5.601854,5.658038,5.6480985,5.683378,5.7663183,5.688037,5.7240644
2016-06-09,5.429999828338623,5.5178022,5.630852,5.65841,5.6490803,5.6697063,5.767593,5.6841917
2016-06-10,5.599999904632568,5.4917264,5.5639186,5.6321077,5.6591754,5.638454,5.6644754,5.772609
2016-06-11,5.429999828338623,5.552728,5.526829,5.56615,5.6335073,5.6546144,5.635686,5.651042
2016-06-12,5.53000020980835,5.4739876,5.542287,5.5287685,5.568299,5.615562,5.653002,5.627673
2016-06-13,5.480000019073486,5.5116577,5.5031977,5.5421968,5.530882,5.5449433,5.611151,5.6504955
2016-06-14,5.5,5.4790688,5.512032,5.50432,5.5425515,5.5096006,5.5368314,5.601686
2016-06-15,5.710000038146973,5.488395,5.4902816,5.5123386,5.5057178,5.536279,5.5026946,5.522214
2016-06-16,5.650000095367432,5.607821,5.492557,5.4907546,5.5125294,5.4875135,5.534322,5.486262
2016-06-17,5.510000228881836,5.609279,5.5650845,5.4928417,5.491481,5.507299,5.481322,5.5291157
2016-06-18,5.449999809265137,5.5387034,5.589862,5.5633225,5.493115,5.485245,5.5044656,5.468575
2016-06-19,5.349999904632568,5.5027313,5.5545244,5.588611,5.561761,5.487622,5.482422,5.4970913
2016-06-20,5.28000020980835,5.436653,5.5278873,5.5549927,5.587466,5.577138,5.4862866,5.474101
2016-06-21,5.25,5.38023,5.4776587,5.5291033,5.555029,5.5977025,5.5808673,5.4816027
2016-06-22,5.380000114440918,5.339475,5.4267426,5.4796367,5.53007,5.5542455,5.600716,5.5890164
2016-06-23,5.789999961853027,5.3737154,5.3814363,5.4291115,5.48166,5.524503,5.5536995,5.605176
2016-06-24,5.349999904632568,5.5855784,5.377238,5.3836684,5.431595,5.4634385,5.5227394,5.5525746
2016-06-25,5.480000019073486,5.3947835,5.4986377,5.3778043,5.3861732,5.4055047,5.45924,5.5185356
2016-06-26,5.300000190734863,5.4458656,5.424781,5.495006,5.378784,5.3589864,5.3983307,5.4505024
2016-06-27,5.21999979019165,5.356847,5.4402814,5.4251666,5.4919667,5.3651843,5.350506,5.3862114
2016-06-28,5.239999771118164,5.3102393,5.3919396,5.440345,5.4255652,5.5176024,5.36046,5.3344245
2016-06-29,5.210000038146973,5.305325,5.3544374,5.3933587,5.4395757,5.417627,5.524036,5.349999
2016-06-30,5.25,5.2778926,5.3345942,5.356649,5.394988,5.446808,5.413982,5.535653
2016-07-01,5.289999961853027,5.256315,5.3067284,5.3362684,5.35869,5.3870244,5.447774,5.4042854
2016-07-02,5.409999847412109,5.2736735,5.269519,5.3082333,5.338188,5.3356314,5.3845696,5.447109
2016-07-03,5.420000076293945,5.3313227,5.274978,5.270361,5.3100796,5.3196826,5.331234,5.3772306
2016-07-04,5.260000228881836,5.354783,5.3060837,5.2751613,5.2714376,5.2884603,5.313373,5.32213
2016-07-05,5.5,5.287567,5.333383,5.305029,5.27561,5.256577,5.2822213,5.305502
2016-07-06,5.340000152587891,5.4121985,5.306249,5.332223,5.304156,5.2683663,5.251203,5.2678924
2016-07-07,5.25,5.3565755,5.3739567,5.306817,5.3311367,5.310024,5.2649903,5.2406344
2016-07-08,5.570000171661377,5.3098392,5.3624377,5.372529,5.3071136,5.3405867,5.31094,5.2561736
2016-07-09,5.559999942779541,5.4702525,5.333972,5.362296,5.370973,5.3040056,5.3425736,5.3103046
2016-07-10,5.239999771118164,5.493533,5.4186735,5.335044,5.3623395,5.3886933,5.3027153,5.3449507
2016-07-11,5.050000190734863,5.3347898,5.456455,5.416739,5.335694,5.3638787,5.3938923,5.2984786
2016-07-12,5.21999979019165,5.2100983,5.376512,5.45437,5.4149623,5.327453,5.3650336,5.403684
2016-07-13,5.25,5.253498,5.2833867,5.3778934,5.4526253,5.4360895,5.32561,5.3673043
2016-07-14,5.380000114440918,5.2650046,5.272123,5.28689,5.3787093,5.4692864,5.441811,5.3233047
2016-07-15,5.409999847412109,5.3383965,5.2726216,5.2736406,5.2898545,5.368317,5.475274,5.4546156
2016-07-16,5.480000019073486,5.3492894,5.3157763,5.2731256,5.2754755,5.265346,5.3650784,5.486355
2016-07-17,5.489999771118164,5.3857837,5.325511,5.3148956,5.274301,5.260772,5.257426,5.36068
2016-07-18,5.400000095367432,5.415833,5.3523808,5.3242774,5.3142385,5.258692,5.257859,5.241051
2016-07-19,5.340000152587891,5.4021187,5.38822,5.35073,5.323181,5.3137774,5.255107,5.2506
2016-07-20,5.489999771118164,5.376798,5.4007707,5.3867164,5.348951,5.3322167,5.312475,5.2507606
2016-07-21,5.579999923706055,5.4581485,5.388885,5.400432,5.3850656,5.3657813,5.3328424,5.311935
2016-07-22,5.25,5.5204096,5.434559,5.389377,5.3997927,5.403478,5.3702345,5.3317595
2016-07-23,5.199999809265137,5.359426,5.482779,5.433683,5.3895793,5.40831,5.4087057,5.3751245
2016-07-24,5.420000076293945,5.29773,5.402914,5.4809523,5.43284,5.39068,5.4114547,5.4182496
2016-07-25,5.590000152587891,5.386555,5.3417597,5.4043636,5.479337,5.4437337,5.3916645,5.417401
2016-07-26,5.170000076293945,5.491896,5.371979,5.3440485,5.4055123,5.4953933,5.447881,5.3949404
2016-07-27,5.349999904632568,5.2931857,5.4436393,5.371804,5.345857,5.392973,5.500906,5.4576316
2016-07-28,5.730000019073486,5.3487835,5.3482575,5.441456,5.3720527,5.3301444,5.3893013,5.5139647
2016-07-29,5.400000095367432,5.542595,5.3513565,5.3500886,5.439807,5.3730965,5.3251595,5.383424
2016-07-30,5.650000095367432,5.424884,5.4614887,5.352015,5.3516836,5.4519706,5.374059,5.3151402
2016-07-31,5.320000171661377,5.562402,5.435278,5.4580936,5.3521786,5.3317137,5.456612,5.3753314
2016-08-01,5.340000152587891,5.406781,5.5156655,5.434896,5.455403,5.3518877,5.3245955,5.4673514
2016-08-02,5.289999961853027,5.387806,5.4433374,5.5137973,5.4345584,5.4865212,5.3505716,5.312302
2016-08-03,5.739999771118164,5.361734,5.4112587,5.4444036,5.5112553,5.432661,5.4961233,5.345454
2016-08-04,5.789999961853027,5.5999036,5.390514,5.412611,5.445513,5.536116,5.4334416,5.5130963
2016-08-05,5.550000190734863,5.649597,5.5234456,5.391958,5.4134464,5.442148,5.5419283,5.43585
2016-08-06,5.5,5.5613103,5.5804667,5.5205097,5.3936744,5.4041634,5.441079,5.5564313
2016-08-07,5.300000190734863,5.515385,5.561148,5.5767813,5.5179524,5.3810587,5.403676,5.435808
2016-08-08,5.369999885559082,5.4136896,5.5261893,5.5604424,5.573565,5.539754,5.3770366,5.4025474
2016-08-09,5.25,5.4341583,5.4656296,5.52664,5.5590453,5.603126,5.5474977,5.37347
2016-08-10,5.25,5.3685923,5.4583917,5.467923,5.5264077,5.5701127,5.610844,5.5626044
2016-08-11,5.489999771118164,5.3262515,5.4132676,5.459932,5.470094,5.5358753,5.572729,5.629122
2016-08-12,5.389999866485596,5.4147944,5.3602557,5.41539,5.4614935,5.455102,5.5378695,5.5759687
2016-08-13,5.349999904632568,5.3724203,5.388216,5.362134,5.4178953,5.446025,5.452798,5.5405893
2016-08-14,5.5,5.3446403,5.374046,5.387434,5.364144,5.3920593,5.443376,5.446508
2016-08-15,5.369999885559082,5.4276686,5.3546185,5.3738427,5.38712,5.339327,5.3844237,5.442328
2016-08-16,5.349999904632568,5.3770614,5.402474,5.355052,5.373975,5.387903,5.3316865,5.3728595
2016-08-17,5.309999942779541,5.370571,5.3862987,5.4015093,5.3552084,5.368416,5.3866844,5.31622
2016-08-18,5.28000020980835,5.351037,5.3819723,5.3864303,5.4006104,5.35041,5.366094,5.3836102
2016-08-19,5.670000076293945,5.3197885,5.368457,5.3825417,5.38665,5.4119587,5.3477435,5.3584633
2016-08-20,5.489999771118164,5.520598,5.339604,5.3693013,5.3828406,5.3842783,5.4143624,5.340978
2016-08-21,5.25,5.467067,5.4504304,5.3406096,5.370189,5.378898,5.384315,5.4167156
2016-08-22,5.5,5.335158,5.453,5.4476695,5.341671,5.3637366,5.377684,5.382473
2016-08-23,5.309999942779541,5.445229,5.3769093,5.451698,5.4452205,5.3302565,5.361548,5.376729
2016-08-24,5.650000095367432,5.363478,5.422361,5.378523,5.450653,5.4683228,5.327581,5.357026
2016-08-25,5.400000095367432,5.5412817,5.3876014,5.421814,5.379382,5.459302,5.474891,5.3216014
2016-08-26,5.599999904632568,5.4436646,5.4853225,5.388384,5.4211617,5.368969,5.4615383,5.4896264
2016-08-27,5.710000038146973,5.5291142,5.4557137,5.483204,5.3895226,5.4341836,5.365402,5.4655514
2016-08-28,5.78000020980835,5.601563,5.4945674,5.4556546,5.480979,5.3795414,5.437478,5.357537
2016-08-29,5.510000228881836,5.685859,5.55122,5.4932294,5.4558287,5.499005,5.3785424,5.443174
2016-08-30,5.489999771118164,5.562864,5.632236,5.548748,5.4914293,5.4562225,5.5047226,5.3754044
2016-08-31,5.5,5.5523767,5.581063,5.629467,5.546521,5.5069222,5.455173,5.5202713
2016-09-01,5.400000095367432,5.5374627,5.5706005,5.5812874,5.6265154,5.5737786,5.5121365,5.453844
2016-09-02,5.599999904632568,5.487856,5.549147,5.5715485,5.58102,5.6545386,5.5811615,5.520348
2016-09-03,5.670000076293945,5.5727553,5.5186067,5.5498195,5.571935,5.586887,5.6643796,5.5974145
2016-09-04,5.739999771118164,5.611346,5.552444,5.5200167,5.55063,5.5728216,5.588283,5.682959
2016-09-05,5.800000190734863,5.6515255,5.5805826,5.551894,5.521526,5.5476346,5.5740433,5.594274
2016-09-06,5.949999809265137,5.707065,5.6128063,5.5790787,5.551485,5.50485,5.548149,5.575842
2016-09-07,5.869999885559082,5.8184342,5.6644754,5.6108627,5.5779476,5.5537786,5.5014114,5.551145
2016-09-08,5.71999979019165,5.8173876,5.7532268,5.662289,5.608828,5.587998,5.553947,5.4972906
2016-09-09,5.820000171661377,5.767103,5.785238,5.750048,5.6599245,5.6260195,5.5904593,5.5573187
2016-09-10,5.769999980926514,5.8173933,5.775418,5.7832246,5.7466693,5.6851916,5.630774,5.5944214
2016-09-11,5.579999923706055,5.800799,5.801863,5.775443,5.7809124,5.782963,5.6918015,5.639381
2016-09-12,5.53000020980835,5.6950636,5.799906,5.8012905,5.774845,5.8074064,5.7942557,5.704538
2016-09-13,5.329999923706055,5.636374,5.7359147,5.7997103,5.8004417,5.78475,5.816094,5.815403
2016-09-14,5.860000133514404,5.489272,5.6783977,5.7376246,5.799604,5.81496,5.788755,5.8348436
2016-09-15,5.909999847412109,5.72597,5.564976,5.680577,5.7390966,5.8036633,5.8204365,5.7986083
2016-09-16,5.690000057220459,5.7880716,5.667743,5.568586,5.6826324,5.723735,5.806679,5.8337207
2016-09-17,5.599999904632568,5.6920276,5.73282,5.6660495,5.5723944,5.663741,5.7200875,5.8151937
2016-09-18,5.550000190734863,5.627441,5.698058,5.7299037,5.664845,5.5347853,5.657923,5.716382
2016-09-19,5.730000019073486,5.5967493,5.651703,5.6977544,5.727863,5.672875,5.5240984,5.647953
2016-09-20,5.5,5.6910067,5.6261454,5.6527834,5.6969113,5.744057,5.6752715,5.5019794
2016-09-21,5.650000095367432,5.5997634,5.674036,5.627626,5.6532803,5.6980877,5.7477045,5.681007
2016-09-22,5.699999809265137,5.645321,5.6371193,5.6736145,5.629085,5.6538277,5.697263,5.755147
2016-09-23,5.579999923706055,5.657502,5.6409674,5.6385202,5.673446,5.6198316,5.651878,5.6932883
2016-09-24,5.699999809265137,5.6017914,5.6432576,5.641157,5.6401267,5.6745143,5.6187162,5.645559
2016-09-25,5.739999771118164,5.6593704,5.617178,5.642611,5.641175,5.621921,5.6763673,5.6121864
2016-09-26,5.599999904632568,5.6976166,5.644851,5.61768,5.642355,5.638197,5.6163692,5.6834116
2016-09-27,5.650000095367432,5.628066,5.6778197,5.6443915,5.618114,5.6464615,5.6366386,5.608243
2016-09-28,5.71999979019165,5.6544857,5.6435976,5.676837,5.643821,5.610269,5.646855,5.6331434
2016-09-29,5.929999828338623,5.692714,5.6553774,5.6440506,5.676053,5.6498494,5.6084213,5.646284
2016-09-30,5.75,5.813784,5.678091,5.655569,5.6443405,5.685123,5.650589,5.6030197
2016-10-01,5.690000057220459,5.7531614,5.756749,5.6774817,5.6555614,5.639991,5.6879234,5.6530476
2016-10-02,5.800000190734863,5.719053,5.749091,5.7541966,5.6770525,5.6569757,5.6390996,5.691491
2016-10-03,5.869999885559082,5.767924,5.729069,5.748344,5.7517877,5.6831374,5.656963,5.637543
2016-10-04,5.840000152587891,5.8255663,5.751502,5.729448,5.747496,5.7741237,5.6853385,5.6577444
2016-10-05,5.650000095367432,5.8286476,5.797765,5.7509093,5.7292633,5.755769,5.7812767,5.688933
2016-10-06,5.989999771118164,5.7319603,5.814042,5.7964263,5.750309,5.732444,5.7577796,5.7965903
2016-10-07,5.860000133514404,5.885822,5.762373,5.8131456,5.7952538,5.7616014,5.7333574,5.762974
2016-10-08,5.800000190734863,5.846931,5.834652,5.763505,5.8121395,5.80721,5.7653456,5.7343345
2016-10-09,5.929999828338623,5.8258743,5.8363957,5.8328,5.7643127,5.8211246,5.812332,5.772883
2016-10-10,5.639999866485596,5.8880477,5.8309693,5.8354354,5.8309073,5.757851,5.8238926,5.8235373
2016-10-11,5.820000171661377,5.742177,5.8635097,5.8310766,5.8348155,5.8522296,5.7556605,5.832722
2016-10-12,5.610000133514404,5.810573,5.7868886,5.8625255,5.83069,5.8423038,5.8589892,5.751454
2016-10-13,5.949999809265137,5.709914,5.8052607,5.7885237,5.861493,5.8316255,5.8452907,5.8721204
2016-10-14,5.78000020980835,5.860537,5.751773,5.805485,5.790121,5.87651,5.8323073,5.8522706
2016-10-15,5.829999923706055,5.7869034,5.8180795,5.753481,5.8054633,5.7752976,5.880101,5.835261
2016-10-16,5.800000190734863,5.813198,5.7917438,5.81671,5.755525,5.8051763,5.7723403,5.8882027
2016-10-17,5.849999904632568,5.7882094,5.8059525,5.7915187,5.815362,5.7376013,5.805383,5.7646327
2016-10-18,5.809999942779541,5.8293467,5.7892513,5.805694,5.791704,5.8244576,5.7321596,5.808693
2016-10-19,5.900000095367432,5.810502,5.819209,5.7892203,5.805045,5.790348,5.8278284,5.7217307
2016-10-20,5.889999866485596,5.872471,5.8115287,5.818791,5.7892375,5.807502,5.7887006,5.834373
2016-10-21,5.889999866485596,5.8671436,5.8535786,5.811468,5.8183255,5.7930517,5.808375,5.786749
2016-10-22,5.860000133514404,5.8767595,5.854948,5.852791,5.811421,5.8224525,5.7930117,5.807622
2016-10-23,5.789999961853027,5.8638864,5.867476,5.854243,5.8519487,5.812553,5.824854,5.7932324
2016-10-24,5.760000228881836,5.8284097,5.8633766,5.8669605,5.8535843,5.8601627,5.812752,5.8273587
2016-10-25,5.679999828338623,5.802157,5.8433223,5.8632603,5.8662925,5.8610344,5.8627915,5.815552
2016-10-26,5.829999923706055,5.750618,5.8200645,5.843944,5.863034,5.8727875,5.863206,5.867846
2016-10-27,5.800000190734863,5.8104396,5.781736,5.8209677,5.844444,5.8670373,5.8749886,5.868017
2016-10-28,5.789999961853027,5.7959905,5.8013377,5.783226,5.821818,5.8406286,5.8681912,5.879391
2016-10-29,5.75,5.7865224,5.795619,5.8012657,5.7847786,5.8142653,5.840026,5.871103
2016-10-30,5.760000228881836,5.7590938,5.788425,5.79551,5.8013678,5.769449,5.8123713,5.8387485
2016-10-31,5.329999923706055,5.7612987,5.7692842,5.7884994,5.795703,5.7989316,5.765175,5.8096013
2016-11-01,5.559999942779541,5.526812,5.766869,5.769731,5.788483,5.792084,5.798224,5.757205
2016-11-02,5.900000095367432,5.6023808,5.6250434,5.7672043,5.770151,5.7856894,5.7905974,5.7973166
2016-11-03,5.929999828338623,5.7709236,5.6268783,5.6292357,5.76754,5.76684,5.7843637,5.787616
2016-11-04,5.900000095367432,5.82045,5.71525,5.628896,5.6333036,5.7642336,5.7649927,5.780837
2016-11-05,5.849999904632568,5.823273,5.771513,5.713149,5.630861,5.5928664,5.7635083,5.760241
2016-11-06,5.880000114440918,5.8104243,5.7925797,5.768889,5.712095,5.6104445,5.5809216,5.760285
2016-11-07,5.699999809265137,5.8338118,5.7979894,5.7907925,5.766637,5.7219715,5.604355,5.5572357
2016-11-08,5.849999904632568,5.774582,5.8177876,5.797155,5.788569,5.7796273,5.7246056,5.592039
2016-11-09,5.900000095367432,5.853615,5.8017297,5.816986,5.7958984,5.80823,5.783311,5.729837
2016-11-10,5.800000190734863,5.8787813,5.8414907,5.8027105,5.815934,5.8135552,5.8113036,5.7902007
2016-11-11,5.75,5.8274765,5.858622,5.8412514,5.8035207,5.830932,5.818091,5.8172193
2016-11-12,6.010000228881836,5.7868085,5.833989,5.8576493,5.8408723,5.7983785,5.836916,5.821738
2016-11-13,5.820000171661377,5.917115,5.8026953,5.8340592,5.8569865,5.845778,5.798221,5.8476577
2016-11-14,5.809999942779541,5.8369083,5.8723745,5.803428,5.8340096,5.865034,5.8480825,5.8010454
2016-11-15,5.699999809265137,5.834276,5.844383,5.870648,5.8039308,5.8319206,5.8677588,5.855515
2016-11-16,5.769999980926514,5.7656627,5.842151,5.8442464,5.8690743,5.800087,5.8317485,5.875013
2016-11-17,6.059999942779541,5.784433,5.795701,5.8425565,5.8442683,5.8865185,5.798193,5.832103
2016-11-18,5.699999809265137,5.939712,5.791996,5.7970443,5.842514,5.843421,5.8920116,5.7952623
2016-11-19,5.940000057220459,5.783621,5.882078,5.792615,5.798388,5.8414187,5.8437314,5.9016104
2016-11-20,5.75,5.8784256,5.8184404,5.8797245,5.7932763,5.7893,5.8409123,5.845046
2016-11-21,5.769999980926514,5.7899513,5.852469,5.8193264,5.8777814,5.7860107,5.7861695,5.841026
2016-11-22,5.940000057220459,5.7935476,5.8117237,5.851724,5.820237,5.896239,5.7851086,5.779462
2016-11-23,5.769999980926514,5.8845057,5.8057485,5.8123784,5.8504696,5.8083806,5.901486,5.782385
2016-11-24,5.800000190734863,5.815346,5.8566327,5.80648,5.8133307,5.862149,5.804655,5.914644
2016-11-25,5.599999904632568,5.804104,5.8312874,5.85558,5.806926,5.8093314,5.8647633,5.796686
2016-11-26,5.650000095367432,5.7002497,5.8096805,5.8316774,5.8547893,5.79922,5.8079376,5.8696175
2016-11-27,5.840000152587891,5.6937246,5.7482114,5.8100743,5.832163,5.8650317,5.7985473,5.803419
2016-11-28,5.78000020980835,5.786799,5.719302,5.7502866,5.810181,5.825293,5.867089,5.7967577
2016-11-29,5.889999866485596,5.7715974,5.7647367,5.7208605,5.7524037,5.8079524,5.8239846,5.8745103
2016-11-30,5.559999942779541,5.821082,5.7679176,5.7640624,5.722389,5.734071,5.8066854,5.8193693
2016-12-01,5.5,5.656861,5.794236,5.7675385,5.763881,5.705743,5.72831,5.805586
2016-12-02,5.449999809265137,5.5932813,5.708558,5.793066,5.7674236,5.7651286,5.701597,5.7154107
2016-12-03,5.440000057220459,5.546924,5.645747,5.7104645,5.7917476,5.764021,5.765052,5.6925106
2016-12-04,5.489999771118164,5.522734,5.597789,5.6484756,5.7122345,5.8023553,5.7628584,5.766472
2016-12-05,5.5,5.517213,5.5636363,5.6004577,5.650804,5.6967845,5.804154,5.759605
2016-12-06,5.320000171661377,5.5057735,5.5374174,5.565869,5.6034775,5.628098,5.6915035,5.807484
2016-12-07,5.210000038146973,5.384408,5.5189652,5.538677,5.5684834,5.5761113,5.621999,5.6780972
2016-12-08,5.179999828338623,5.300431,5.4337935,5.5197215,5.540355,5.537724,5.5681224,5.6082
2016-12-09,5.139999866485596,5.2556114,5.3620653,5.436004,5.5208273,5.518782,5.5293775,5.553184
2016-12-10,5.179999828338623,5.212042,5.3090835,5.3651557,5.4382896,5.505062,5.5109625,5.512677
2016-12-11,5.150000095367432,5.2099166,5.261486,5.3119526,5.368208,5.411791,5.4989376,5.496638
2016-12-12,5.039999961853027,5.1746573,5.238807,5.264103,5.3151407,5.3360744,5.4025373,5.4836144
2016-12-13,5.039999961853027,5.092345,5.2032037,5.2405176,5.2671685,5.2823234,5.325433,5.3808317
2016-12-14,5.0,5.0687246,5.1381173,5.204693,5.2426467,5.2321444,5.2720566,5.301005
2016-12-15,4.929999828338623,5.03558,5.1035633,5.1403284,5.2065735,5.2157283,5.22142,5.24895
2016-12-16,4.860000133514404,4.9846396,5.0708404,5.105487,5.1426973,5.1828766,5.2063913,5.198555
2016-12-17,4.75,4.928043,5.026778,5.0726714,5.10758,5.1145506,5.174151,5.186734
2016-12-18,4.900000095367432,4.841942,4.975416,5.0289025,5.0748415,5.0840945,5.104737,5.1536884
2016-12-19,4.760000228881836,4.8893485,4.902044,4.9778304,5.0312467,5.050628,5.07577,5.081379
2016-12-20,4.75,4.811143,4.9023066,4.9050465,4.980452,5.0036855,5.0426617,5.0558915
2016-12-21,4.739999771118164,4.7836494,4.851606,4.903451,4.908292,4.951167,4.994739,5.023735
2016-12-22,4.78000020980835,4.758791,4.816632,4.8534346,4.9049854,4.8728013,4.9412303,4.9749866
2016-12-23,4.820000171661377,4.770297,4.7860794,4.818422,4.8557386,4.8857594,4.8613343,4.9194922
2016-12-24,4.75,4.790058,4.7823224,4.7875543,4.8202405,4.8284073,4.879089,4.835524
2016-12-25,4.800000190734863,4.762378,4.790465,4.7830963,4.789336,4.7965117,4.8191485,4.8636136
2016-12-26,4.820000171661377,4.778022,4.7779856,4.7905955,4.7841434,4.770411,4.7881722,4.798406
2016-12-27,4.730000019073486,4.79507,4.778969,4.7786403,4.7909794,4.7698913,4.7631364,4.768904
2016-12-28,4.539999961853027,4.754818,4.791416,4.7791586,4.779375,4.783993,4.7653117,4.745731
2016-12-29,4.800000190734863,4.645991,4.7717056,4.791265,4.7793417,4.7694592,4.7807946,4.7526474
2016-12-30,4.650000095367432,4.758127,4.7003736,4.772373,4.79127,4.776313,4.7656035,4.7735906
2016-12-31,4.610000133514404,4.685755,4.742687,4.702828,4.773014,4.7911005,4.7746515,4.755515
2017-01-01,4.699999809265137,4.654271,4.7067857,4.742576,4.7051167,4.7651205,4.79071,4.769431
2017-01-02,4.699999809265137,4.683569,4.6790195,4.7075086,4.742632,4.682304,4.76277,4.7883854
2017-01-03,4.710000038146973,4.682563,4.682731,4.680266,4.7087116,4.7423396,4.6751194,4.7573366
2017-01-04,4.739999771118164,4.6882954,4.6819215,4.6829367,4.681299,4.695136,4.7422214,4.6605487
2017-01-05,4.949999809265137,4.7180243,4.6856174,4.681878,4.683332,4.665866,4.691219,4.7411075
2017-01-06,4.699999809265137,4.831823,4.7094245,4.6854906,4.6820726,4.6807895,4.660827,4.6832366
2017-01-07,4.820000171661377,4.730565,4.77937,4.7090273,4.6853614,4.6780767,4.678517,4.6508327
2017-01-08,4.769999980926514,4.7932615,4.7452817,4.7770658,4.708645,4.6842117,4.6773195,4.672967
2017-01-09,4.570000171661377,4.775266,4.778229,4.745366,4.774858,4.712417,4.68328,4.672724
2017-01-10,4.699999809265137,4.671701,4.7747493,4.7777367,4.745364,4.796669,4.7128367,4.6822715
2017-01-11,4.75,4.716607,4.7150216,4.774569,4.77677,4.745549,4.8031344,4.7125077
2017-01-12,4.800000190734863,4.743363,4.721163,4.716834,4.774538,4.7870564,4.7456164,4.8148446
2017-01-13,4.800000190734863,4.761766,4.7358975,4.721783,4.718407,4.7797017,4.7901664,4.7458067
2017-01-14,4.630000114440918,4.772107,4.7451506,4.735621,4.7223654,4.7013755,4.781462,4.7965107
2017-01-15,4.699999809265137,4.681254,4.7594557,4.7443676,4.735772,4.7179365,4.6977963,4.7851877
2017-01-16,4.840000152587891,4.7008004,4.70878,4.758748,4.7436695,4.7342415,4.7162113,4.6910377
2017-01-17,4.699999809265137,4.7864723,4.7064486,4.709805,4.758006,4.746405,4.734202,4.715685
2017-01-18,4.610000133514404,4.7293005,4.760166,4.706956,4.710617,4.7648263,4.7472224,4.733299
2017-01-19,4.800000190734863,4.6705475,4.739875,4.7591066,4.7073154,4.703202,4.7656293,4.749735
2017-01-20,4.96999979019165,4.752716,4.6982656,4.740048,4.7583656,4.7052374,4.7008767,4.767294
2017-01-21,4.829999923706055,4.8554163,4.73228,4.699532,4.7402654,4.7668004,4.704825,4.693729
2017-01-22,4.739999771118164,4.816836,4.802697,4.7316904,4.7004805,4.7354317,4.769751,4.70374
2017-01-23,4.550000190734863,4.7727094,4.807305,4.800263,4.731232,4.690478,4.7343493,4.776158
2017-01-24,4.619999885559082,4.655028,4.785124,4.8063655,4.798221,4.7381544,4.686748,4.733102
2017-01-25,4.650000095367432,4.6696606,4.7060056,4.785544,4.8052807,4.817332,4.7400374,4.6799135
2017-01-26,4.650000095367432,4.6832905,4.6931596,4.708271,4.785439,4.8133116,4.8237085,4.7423067
2017-01-27,4.449999809265137,4.674155,4.6946163,4.694655,4.7103252,4.788319,4.8153853,4.836316
2017-01-28,4.440000057220459,4.5423083,4.6827726,4.6953225,4.6961894,4.6948895,4.788393,4.8210793
2017-01-29,4.690000057220459,4.5004783,4.592582,4.683242,4.6964765,4.6818247,4.6908903,4.787953
2017-01-30,4.599999904632568,4.611921,4.540928,4.5947785,4.6839094,4.6838036,4.6790414,4.68123
2017-01-31,4.739999771118164,4.588417,4.58806,4.5431294,4.596967,4.672408,4.6803164,4.674564
2017-02-01,4.510000228881836,4.6643467,4.589923,4.5874534,4.5452967,4.5730176,4.6686563,4.676236
2017-02-02,4.510000228881836,4.553401,4.634887,4.5897384,4.5873575,4.5227,4.564511,4.6616006
2017-02-03,4.409999847412109,4.5370836,4.5812473,4.633653,4.5899487,4.5873976,4.515359,4.546584
2017-02-04,4.409999847412109,4.481049,4.5582767,4.582116,4.6322565,4.5830383,4.587087,4.497617
2017-02-05,4.460000038146973,4.4733896,4.5190353,4.559441,4.582953,4.6421633,4.5807486,4.5851407
2017-02-06,4.400000095367432,4.476113,4.5023003,4.5208406,4.560263,4.576832,4.6436853,4.5754795
2017-02-07,4.349999904632568,4.43676,4.4871864,4.503892,4.522815,4.551894,4.573889,4.6462903
2017-02-08,4.340000152587891,4.3838644,4.4582996,4.487935,4.5056005,4.505963,4.550079,4.565097
2017-02-09,4.5,4.364646,4.411185,4.4593096,4.489006,4.4859734,4.5009327,4.5441256
2017-02-10,4.510000228881836,4.44012,4.3876243,4.412544,4.4605412,4.476318,4.480985,4.492097
2017-02-11,4.230000019073486,4.4621286,4.422632,4.388858,4.413936,4.4446764,4.4717846,4.4708033
2017-02-12,4.139999866485596,4.3222876,4.4466267,4.4221177,4.3902316,4.397339,4.439389,4.464272
2017-02-13,4.0,4.2422886,4.3716874,4.4457884,4.4218903,4.375498,4.391367,4.427114
2017-02-14,4.099999904632568,4.137317,4.2995605,4.373604,4.445213,4.4220047,4.3703303,4.3780813
2017-02-15,4.190000057220459,4.1564975,4.211509,4.3024607,4.3752513,4.4482226,4.4217234,4.3577247
2017-02-16,4.190000057220459,4.18894,4.191108,4.2152014,4.3050594,4.356682,4.4485054,4.4195304
2017-02-17,4.25,4.1756773,4.1956077,4.1933026,4.2191687,4.2808933,4.350424,4.448462
2017-02-18,4.059999942779541,4.190438,4.1807475,4.1962266,4.195926,4.1812773,4.273102,4.336539
2017-02-19,4.059999942779541,4.096485,4.181177,4.1810174,4.1975193,4.1652026,4.170556,4.255783
2017-02-20,4.059999942779541,4.0848036,4.1309624,4.1808276,4.181603,4.179217,4.156544,4.1475463
2017-02-21,4.010000228881836,4.0857844,4.111042,4.132311,4.1805596,4.1687007,4.1724224,4.1399994
2017-02-22,4.010000228881836,4.056448,4.105752,4.1124835,4.1336365,4.1798277,4.163283,4.159542
2017-02-23,4.090000152587891,4.0398235,4.082571,4.1068463,4.1137605,4.119777,4.1775365,4.1495285
2017-02-24,4.159999847412109,4.0704713,4.0597034,4.083862,4.1082106,4.1005316,4.114708,4.1696715
2017-02-25,4.25,4.103547,4.0681114,4.0607924,4.0853333,4.0954614,4.096427,4.10026
2017-02-26,4.159999847412109,4.1671853,4.086444,4.0682006,4.0620136,4.0674,4.091543,4.086168
2017-02-27,4.059999942779541,4.1402597,4.1344886,4.0856886,4.0685334,4.0473313,4.062348,4.083239
2017-02-28,4.150000095367432,4.091622,4.135039,4.132928,4.0851617,4.0632277,4.042022,4.051838
2017-03-01,4.300000190734863,4.13692,4.1095014,4.134479,4.131427,4.087779,4.06092,4.031799
2017-03-02,4.320000171661377,4.23116,4.1308517,4.110191,4.1337852,4.1442723,4.0879874,4.0543084
2017-03-03,4.110000133514404,4.266106,4.193748,4.130765,4.1105323,4.1407423,4.1473336,4.086941
2017-03-04,4.199999809265137,4.166613,4.2332516,4.1920996,4.1306324,4.108642,4.1422367,4.1524196
2017-03-05,4.150000095367432,4.19463,4.187502,4.23148,4.190708,4.1348968,4.108141,4.1438007
2017-03-06,3.9700000286102295,4.1708546,4.190853,4.188041,4.2297444,4.204834,4.1366253,4.1060143
2017-03-07,4.050000190734863,4.0771503,4.178904,4.1908937,4.1881943,4.2451053,4.2099123,4.140272
2017-03-08,3.9600000381469727,4.0933537,4.1226177,4.1791945,4.190618,4.187126,4.2497835,4.221178
2017-03-09,3.9700000286102295,4.026765,4.110471,4.1246037,4.1796684,4.196744,4.1863036,4.2611184
2017-03-10,4.079999923706055,4.003224,4.059462,4.1116385,4.1264477,4.1779566,4.198715,4.1849437
2017-03-11,4.110000133514404,4.051238,4.0259213,4.0610013,4.112821,4.106113,4.178485,4.2017117
2017-03-12,3.8299999237060547,4.067838,4.0444655,4.0271955,4.0628915,4.101358,4.101009,4.1799083
2017-03-13,4.0,3.9182155,4.05612,4.0443974,4.028565,4.04331,4.097379,4.0927906
2017-03-14,4.03000020980835,3.9872682,3.9704945,4.0555468,4.044644,4.0106063,4.037618,4.091183
2017-03-15,4.119999885559082,4.004988,3.9898975,3.9725678,4.05522,4.040463,4.005065,4.0249186
2017-03-16,4.150000095367432,4.065609,4.0004263,3.9905226,3.9744666,4.0552425,4.0379515,3.9940624
2017-03-17,4.179999828338623,4.097218,4.042458,4.000249,3.9910028,3.953417,4.0547633,4.03242
2017-03-18,4.150000095367432,4.124852,4.073033,4.0414248,4.000579,3.9867604,3.946275,4.0512376
2017-03-19,4.199999809265137,4.1172476,4.0998797,4.0717697,4.040471,3.998288,3.984865,3.9308493
2017-03-20,4.139999866485596,4.166876,4.10479,4.0985727,4.070529,4.0448427,3.997791,3.979191
2017-03-21,4.340000152587891,4.14975,4.1464596,4.1040034,4.097114,4.082418,4.046453,3.9955137
2017-03-22,4.369999885559082,4.263051,4.1473193,4.145463,4.1030264,4.111841,4.084468,4.0501084
2017-03-23,4.369999885559082,4.303527,4.217478,4.147001,4.1442804,4.114738,4.116113,4.089293
2017-03-24,4.21999979019165,4.325007,4.2622747,4.215523,4.1465797,4.158126,4.118319,4.121828
2017-03-25,4.090000152587891,4.2561364,4.2936015,4.2600675,4.2134757,4.1529717,4.162855,4.1254363
2017-03-26,4.21999979019165,4.1816316,4.2650137,4.2918525,4.257953,4.2347703,4.155526,4.172706
2017-03-27,4.230000019073486,4.2315216,4.2168,4.2650614,4.289762,4.280664,4.2417526,4.1620207
2017-03-28,4.090000152587891,4.244441,4.2298703,4.218361,4.264713,4.3105507,4.2877164,4.257276
2017-03-29,4.400000095367432,4.161233,4.2409935,4.230144,4.219539,4.2723346,4.3172574,4.303426
2017-03-30,4.389999866485596,4.301275,4.189205,4.2408214,4.2304873,4.211652,4.274647,4.331558
2017-03-31,4.130000114440918,4.314284,4.2548003,4.1903386,4.240993,4.2299294,4.2105823,4.2804966
2017-04-01,4.300000190734863,4.192669,4.281089,4.2531137,4.1913958,4.23834,4.230906,4.208563
2017-04-02,4.389999866485596,4.272355,4.2242284,4.2792125,4.2514825,4.1775036,4.2384224,4.235467
2017-04-03,4.46999979019165,4.3325715,4.259214,4.225214,4.2777014,4.26765,4.1731415,4.240929
2017-04-04,4.300000190734863,4.3959,4.302891,4.2589674,4.2257037,4.2928524,4.2714415,4.1660867
2017-04-05,4.400000095367432,4.3342605,4.3558154,4.3014975,4.2584176,4.218102,4.2973695,4.2786326
2017-04-06,4.400000095367432,4.37453,4.3409038,4.353818,4.3004785,4.2681203,4.215943,4.304547
2017-04-07,4.369999885559082,4.3770914,4.357723,4.3407702,4.3518004,4.3135676,4.270201,4.211673
2017-04-08,4.409999847412109,4.3815975,4.364293,4.357072,4.3403606,4.3686647,4.318724,4.274623
2017-04-09,4.320000171661377,4.403812,4.3784084,4.3635755,4.356073,4.3455353,4.374567,4.3276024
2017-04-10,4.460000038146973,4.357312,4.392637,4.3781357,4.3629584,4.3686376,4.3461785,4.389159
2017-04-11,4.380000114440918,4.4179444,4.3684735,4.392124,4.377717,4.372728,4.3727107,4.3493648
2017-04-12,4.21999979019165,4.390737,4.395834,4.368822,4.3915157,4.381122,4.3764353,4.379191
2017-04-13,4.510000228881836,4.3005886,4.391389,4.395005,4.369121,4.399,4.3832383,4.384699
2017-04-14,4.210000038146973,4.433613,4.336054,4.3911843,4.394113,4.3672585,4.40102,4.389211
2017-04-15,4.519999980926514,4.293601,4.3972144,4.3375454,4.3910966,4.4031243,4.367169,4.4073853
2017-04-16,4.400000095367432,4.4371777,4.331466,4.396028,4.3387465,4.3929076,4.4061375,4.3666224
2017-04-17,4.420000076293945,4.3956065,4.398234,4.3326855,4.3949103,4.325703,4.3935246,4.4132004
2017-04-18,4.5,4.4052663,4.3921885,4.3969646,4.3341784,4.4079385,4.322151,4.3955064
2017-04-19,4.579999923706055,4.448206,4.3982882,4.391643,4.395415,4.3192434,4.4114714,4.315145
2017-04-20,4.570000171661377,4.5189276,4.425403,4.39795,4.391487,4.407287,4.3154373,4.41927
2017-04-21,4.599999904632568,4.5238247,4.484079,4.4243627,4.397259,4.3963513,4.4107714,4.307105
2017-04-22,4.519999980926514,4.5666323,4.4994793,4.482372,4.4233446,4.40042,4.396794,4.4190884
2017-04-23,4.559999942779541,4.529927,4.5415387,4.498094,4.480688,4.436978,4.4023614,4.397663
2017-04-24,4.550000190734863,4.5556407,4.5283084,4.540228,4.496564,4.497555,4.439946,4.404302
2017-04-25,4.650000095367432,4.558615,4.545661,4.5279794,4.5386534,4.5122476,4.5036182,4.4480233
2017-04-26,4.480000019073486,4.615412,4.5532007,4.5452156,4.527435,4.5562696,4.516972,4.513776
2017-04-27,4.480000019073486,4.5313354,4.589428,4.552863,4.544554,4.536002,4.5616646,4.5287523
2017-04-28,4.550000190734863,4.5169115,4.548712,4.58827,4.552528,4.5532894,4.539163,4.5727973
2017-04-29,4.650000095367432,4.541636,4.5301337,4.549174,4.5870786,4.558108,4.556835,4.54597
2017-04-30,4.840000152587891,4.602295,4.536396,4.530857,4.5495596,4.598922,4.560429,4.5653167
2017-05-01,4.599999904632568,4.718105,4.576443,4.536299,4.5312943,4.5465865,4.603115,4.5671077
2017-05-02,4.800000190734863,4.6216035,4.6568913,4.5752926,4.536373,4.5273824,4.545746,4.6129947
2017-05-03,4.739999771118164,4.718804,4.6274652,4.6540437,4.574329,4.537991,4.526497,4.545468
2017-05-04,4.590000152587891,4.7151017,4.679545,4.627088,4.6512966,4.582126,4.5386133,4.5248036
2017-05-05,4.539999961853027,4.653085,4.698329,4.6779413,4.6264844,4.677125,4.5851483,4.5404468
2017-05-06,4.610000133514404,4.61469,4.6731024,4.6972194,4.6758394,4.6328554,4.6842694,4.591586
2017-05-07,4.550000190734863,4.6377783,4.640852,4.673769,4.696224,4.6989727,4.634364,4.70022
2017-05-08,4.480000019073486,4.5895305,4.642388,4.6421475,4.674026,4.711746,4.705951,4.6364484
2017-05-09,4.440000057220459,4.5440993,4.60615,4.642837,4.643214,4.6708403,4.717049,4.7193513
2017-05-10,4.710000038146973,4.493849,4.5720477,4.606889,4.643453,4.636269,4.6715975,4.728097
2017-05-11,4.550000190734863,4.617101,4.523862,4.573384,4.607837,4.638848,4.6340466,4.6746
2017-05-12,4.789999961853027,4.553817,4.580925,4.525399,4.5746927,4.5964766,4.638574,4.633007
2017-05-13,4.820000171661377,4.6834607,4.5612497,4.5796943,4.5270133,4.559181,4.593579,4.6376967
2017-05-14,4.650000095367432,4.723912,4.6366534,4.56119,4.578795,4.510518,4.5540314,4.5899334
2017-05-15,4.679999828338623,4.661076,4.6817207,4.634748,4.5614195,4.586028,4.5049067,4.5445538
2017-05-16,4.699999809265137,4.6792965,4.6661167,4.6794643,4.632598,4.5564184,4.588032,4.492416
2017-05-17,4.659999847412109,4.7053485,4.676572,4.6658964,4.6773973,4.650937,4.55447,4.5906224
2017-05-18,4.639999866485596,4.6830244,4.698899,4.6765003,4.6652417,4.701155,4.6555734,4.5502715
2017-05-19,4.690000057220459,4.674989,4.686855,4.698592,4.6760297,4.6709256,4.7073355,4.6640368
2017-05-20,4.690000057220459,4.6884685,4.6822734,4.6869435,4.698349,4.685004,4.673608,4.718289
2017-05-21,4.699999809265137,4.681413,4.6830792,4.6826105,4.6870008,4.704639,4.6874437,4.6773553
2017-05-22,4.699999809265137,4.6905627,4.677307,4.6829176,4.6828685,4.685865,4.7077966,4.694437
2017-05-23,4.78000020980835,4.692489,4.6852474,4.677072,4.6828003,4.6804833,4.686698,4.713782
2017-05-24,4.739999771118164,4.7368436,4.6884394,4.6849747,4.676918,4.6844735,4.679632,4.691037
2017-05-25,4.730000019073486,4.728238,4.7162704,4.6882076,4.6846642,4.677985,4.6850376,4.6802964
2017-05-26,4.769999980926514,4.729411,4.721318,4.7153554,4.6879487,4.686956,4.678474,4.685905
2017-05-27,4.730000019073486,4.75216,4.7263255,4.7208114,4.7144375,4.690929,4.687521,4.679627
2017-05-28,4.78000020980835,4.7381344,4.741065,4.726118,4.720293,4.723813,4.691601,4.6890373
2017-05-29,4.760000228881836,4.7651668,4.7384286,4.7405586,4.725725,4.725832,4.7267284,4.6927543
2017-05-30,4.769999980926514,4.7611156,4.754458,4.738322,4.7400126,4.7299027,4.7275777,4.7322326
2017-05-31,4.75,4.7649784,4.7573323,4.754002,4.7381907,4.74726,4.73128,4.731427
2017-06-01,4.75,4.7556252,4.7599087,4.7570577,4.7534647,4.74005,4.74951,4.734309
2017-06-02,4.71999979019165,4.75607,4.7561345,4.7596498,4.7568,4.7589865,4.741167,4.754375
2017-06-03,4.650000095367432,4.7372494,4.756454,4.756098,4.7593017,4.7603073,4.7608056,4.743666
2017-06-04,4.650000095367432,4.696297,4.7440963,4.7564683,4.7560263,4.7626276,4.7614245,4.7656612
2017-06-05,4.599999904632568,4.6817827,4.716806,4.744381,4.7564325,4.757656,4.7639136,4.764086
2017-06-06,4.679999828338623,4.6448107,4.69739,4.7177315,4.7446556,4.7570543,4.7581234,4.766702
2017-06-07,4.659999847412109,4.6732683,4.6676164,4.6982465,4.7186117,4.742334,4.7575307,4.7597055
2017-06-08,4.590000152587891,4.660799,4.673137,4.6687264,4.6991224,4.7097745,4.741747,4.758487
2017-06-09,4.769999980926514,4.6179876,4.665067,4.6733537,4.669973,4.690335,4.7072973,4.741171
2017-06-10,4.96999979019165,4.70315,4.636534,4.665238,4.673707,4.6569095,4.687717,4.7025003
2017-06-11,4.869999885559082,4.8310714,4.6779175,4.6373506,4.665616,4.6681914,4.6530313,4.682707
2017-06-12,4.820000171661377,4.8160696,4.7681437,4.6770334,4.638122,4.66031,4.666364,4.645152
2017-06-13,4.840000152587891,4.8073235,4.7900248,4.765231,4.676236,4.6282496,4.6581635,4.662648
2017-06-14,4.71999979019165,4.8242197,4.7984242,4.788287,4.7626486,4.6840425,4.62489,4.653437
2017-06-15,4.900000095367432,4.771745,4.8130703,4.79778,4.7864,4.7876987,4.685709,4.6169333
2017-06-16,4.869999885559082,4.869503,4.7894855,4.812504,4.79657,4.803227,4.795101,4.688212
2017-06-17,4.849999904632568,4.8672233,4.8436575,4.7901134,4.8117185,4.810833,4.8080764,4.8088202
2017-06-18,4.820000171661377,4.8507338,4.8541045,4.84274,4.790623,4.8253307,4.814527,4.817917
2017-06-19,4.800000190734863,4.82983,4.845116,4.8532844,4.8417645,4.787953,4.830052,4.821778
2017-06-20,5.0,4.817692,4.8321085,4.8447404,4.852677,4.8521695,4.7889113,4.8385777
2017-06-21,5.28000020980835,4.9211745,4.8237944,4.832141,4.844138,4.8596563,4.855965,4.7922845
2017-06-22,4.949999809265137,5.1039205,4.8820987,4.824067,4.8320465,4.848343,4.861962,4.867216
2017-06-23,5.019999980926514,4.971704,5.012969,4.880507,4.8242717,4.8353367,4.849891,4.868111
2017-06-24,4.900000095367432,5.0031857,4.9746027,5.008737,4.8790207,4.8234024,4.8358097,4.8535376
2017-06-25,5.190000057220459,4.946646,4.990088,4.9738035,5.004787,4.8941693,4.8238597,4.8374043
2017-06-26,5.010000228881836,5.104879,4.962904,4.9895597,4.972674,5.0435643,4.899008,4.823793
2017-06-27,5.03000020980835,5.0430565,5.0538607,4.963451,4.9881916,4.983198,5.0551786,4.910277
2017-06-28,5.0,5.0496235,5.0435643,5.051869,4.9639964,5.005331,4.986241,5.0794573
2017-06-29,4.869999885559082,5.0106416,5.045636,5.0430665,5.049857,4.967102,5.010223,4.992729
2017-06-30,4.920000076293945,4.943483,5.0141606,5.045467,5.04275,5.0694103,4.969104,5.0200124
2017-07-01,5.0,4.9494166,4.9745755,5.014263,5.044821,5.0470486,5.077719,4.9728217
2017-07-02,5.289999961853027,4.993201,4.9621515,4.9759145,5.0143647,5.0496125,5.048234,5.096767
2017-07-03,5.21999979019165,5.143074,4.9854045,4.9629946,4.9771447,5.0181017,5.051389,5.055776
2017-07-04,4.980000019073486,5.143377,5.0737467,4.9851985,4.963826,4.964859,5.0187483,5.054831
2017-07-05,5.070000171661377,5.030705,5.1059036,5.070741,4.9852986,4.9559035,4.962644,5.020805
2017-07-06,5.059999942779541,5.064055,5.054639,5.1036215,5.068016,4.983902,4.953542,4.9572444
2017-07-07,5.039999961853027,5.073301,5.0625978,5.0552645,5.1013856,5.091971,4.9835954,4.9516444
2017-07-08,5.039999961853027,5.0711184,5.074375,5.0627713,5.055196,5.122233,5.0989494,4.9829526
2017-07-09,4.949999809265137,5.0687504,5.076305,5.0744,5.062578,5.0565405,5.1275253,5.11332
2017-07-10,5.039999961853027,5.00133,5.0726953,5.0765285,5.0746512,5.070954,5.0565786,5.138055
2017-07-11,4.949999809265137,5.0260725,5.024003,5.0729084,5.076726,5.075631,5.0736423,5.054907
2017-07-12,5.039999961853027,4.984367,5.0236554,5.024992,5.0731196,5.072449,5.0778475,5.0783763
2017-07-13,4.960000038146973,5.022095,5.002197,5.023776,5.025978,5.0710998,5.072225,5.082784
2017-07-14,5.03000020980835,4.979989,5.0159917,5.002918,5.023927,5.0160575,5.0698314,5.0756893
2017-07-15,5.0,5.0113344,4.992827,5.015908,5.0038166,5.0218735,5.0131607,5.0693827
2017-07-16,5.070000171661377,4.9964375,5.0058026,4.9933004,5.0158052,4.9944882,5.0212317,5.005947
2017-07-17,5.28000020980835,5.039258,4.998781,5.005693,4.9939184,5.014614,4.9915814,5.02002
2017-07-18,5.210000038146973,5.159048,5.0257387,4.9988184,5.0055304,4.9879637,5.0141478,4.985638
2017-07-19,5.199999809265137,5.1591353,5.102851,5.0251865,4.9989758,5.0053873,4.985567,5.012915
2017-07-20,5.199999809265137,5.166928,5.131657,5.100342,5.0246105,4.997926,5.005408,4.9804945
2017-07-21,5.400000095367432,5.1820073,5.148195,5.1299286,5.0979867,5.029026,4.9971147,5.0041757
2017-07-22,5.0,5.3031607,5.1677456,5.147124,5.1281624,5.1217303,5.030497,4.995613
2017-07-23,5.03000020980835,5.122658,5.2485847,5.1669507,5.1455736,5.145347,5.1283875,5.0324764
2017-07-24,5.239999771118164,5.1133766,5.168547,5.2461367,5.165936,5.1621175,5.150577,5.142225
2017-07-25,5.590000152587891,5.2000656,5.1417475,5.1699266,5.24364,5.181207,5.1669383,5.1604543
2017-07-26,5.179999828338623,5.405581,5.175756,5.1433992,5.1710963,5.2708697,5.186094,5.177024
2017-07-27,5.21999979019165,5.231656,5.3105683,5.1750116,5.1444435,5.1612296,5.280481,5.1958685
2017-07-28,5.21999979019165,5.2375093,5.248952,5.306316,5.174744,5.1354,5.1590743,5.300722
2017-07-29,4.940000057220459,5.2191577,5.241929,5.2487197,5.3025584,5.182474,5.133244,5.1578856
2017-07-30,5.25,5.084462,5.22252,5.2422843,5.248268,5.3353405,5.1851525,5.130433
2017-07-31,5.769999980926514,5.2253394,5.1482224,5.222701,5.2417154,5.2500052,5.3465476,5.191642
2017-08-01,5.190000057220459,5.5191364,5.2061095,5.150938,5.2230377,5.2495785,5.249237,5.370065
2017-08-02,5.289999961853027,5.2538137,5.390832,5.2059355,5.153551,5.2286105,5.251109,5.2507653
2017-08-03,5.239999771118164,5.287643,5.282927,5.385228,5.205803,5.1260147,5.2309313,5.251624
2017-08-04,5.289999961853027,5.2602463,5.287943,5.2828584,5.3805275,5.2066407,5.1205177,5.2340374
2017-08-05,5.25,5.2910523,5.271402,5.288244,5.28261,5.4266434,5.206403,5.1107583
2017-08-06,5.579999923706055,5.288967,5.2886124,5.2718706,5.287306,5.2790074,5.440149,5.211289
2017-08-07,5.510000228881836,5.4663544,5.295851,5.288617,5.2725916,5.298341,5.2778454,5.4665413
2017-08-08,5.519999980926514,5.432499,5.399459,5.296112,5.2886243,5.2775016,5.299823,5.275246
2017-08-09,5.53000020980835,5.4657755,5.396878,5.396705,5.2964654,5.2857556,5.279485,5.3026404
2017-08-10,5.179999828338623,5.486462,5.436473,5.3946996,5.394074,5.292891,5.288479,5.2799096
2017-08-11,5.539999961853027,5.3186474,5.46197,5.434876,5.392702,5.418998,5.2910194,5.2950864
2017-08-12,5.590000152587891,5.48427,5.3765073,5.4606395,5.432726,5.412639,5.426354,5.2944756
2017-08-13,5.5,5.5416956,5.4496193,5.378695,5.4590397,5.4532967,5.418219,5.439619
2017-08-14,5.380000114440918,5.503041,5.504389,5.448738,5.3804874,5.4811234,5.4594426,5.429511
2017-08-15,5.71999979019165,5.429898,5.4943147,5.5024652,5.4476695,5.366072,5.487457,5.471269
2017-08-16,5.559999942779541,5.598749,5.449484,5.493568,5.501194,5.4609547,5.363672,5.5004306
2017-08-17,5.610000133514404,5.541836,5.539337,5.4502177,5.4925303,5.516032,5.465872,5.358424
2017-08-18,5.550000190734863,5.593315,5.531584,5.5370274,5.450557,5.497297,5.521232,5.479614
2017-08-19,5.550000190734863,5.5627155,5.5745807,5.530551,5.5347567,5.450425,5.4993854,5.533782
2017-08-20,5.389999866485596,5.559147,5.5615687,5.5736856,5.529759,5.560691,5.4487715,5.505275
2017-08-21,5.349999904632568,5.471547,5.558273,5.5613294,5.572271,5.5383754,5.5693207,5.446807
2017-08-22,5.699999809265137,5.4397783,5.5058537,5.5582213,5.561004,5.5843787,5.5419593,5.583542
2017-08-23,5.760000228881836,5.596309,5.4746346,5.5072865,5.557994,5.5697827,5.5881987,5.55118
2017-08-24,5.769999980926514,5.6578755,5.5463343,5.4764447,5.508633,5.5611734,5.57183,5.5980477
2017-08-25,5.599999904632568,5.6855607,5.606718,5.544576,5.478151,5.497044,5.5637665,5.576473
2017-08-26,5.739999771118164,5.611794,5.644433,5.604057,5.5432377,5.4613457,5.4939013,5.5679173
2017-08-27,5.5,5.6853166,5.6176467,5.6421833,5.6018686,5.5565195,5.4568973,5.490891
2017-08-28,5.690000057220459,5.5826435,5.6591682,5.617477,5.6395755,5.6202445,5.5604753,5.4484663
2017-08-29,5.440000057220459,5.6837096,5.615199,5.658123,5.616829,5.662049,5.625699,5.5695505
2017-08-30,5.699999809265137,5.5481863,5.6669583,5.616305,5.6567407,5.627922,5.667734,5.636818
2017-08-31,5.71999979019165,5.656808,5.59008,5.6665773,5.617408,5.6752024,5.630228,5.6793056
2017-09-01,5.800000190734863,5.6696057,5.6318636,5.591674,5.665967,5.6103435,5.6820498,5.6329665
2017-09-02,5.96999979019165,5.7308483,5.6462455,5.6312313,5.5934935,5.671418,5.6096783,5.693959
2017-09-03,5.630000114440918,5.831967,5.6955786,5.6450076,5.6304727,5.5779295,5.674174,5.611155
2017-09-04,6.03000020980835,5.6944194,5.7679586,5.6938553,5.6442347,5.6348743,5.573163,5.6826468
2017-09-05,5.989999771118164,5.892571,5.7200155,5.764905,5.6919847,5.653431,5.636902,5.565831
2017-09-06,5.449999809265137,5.9267526,5.8246193,5.7204475,5.7617903,5.7065043,5.65524,5.6406827
2017-09-07,5.789999961853027,5.659409,5.883771,5.822012,5.7205205,5.794925,5.7112613,5.660385
2017-09-08,5.659999847412109,5.7884984,5.744727,5.8812747,5.818932,5.7219734,5.803551,5.719064
2017-09-09,5.869999885559082,5.723957,5.7791224,5.7478876,5.8791537,5.8526917,5.723096,5.821976
2017-09-10,5.519999980926514,5.814724,5.745235,5.779584,5.7502337,5.9061394,5.8633213,5.723008
2017-09-11,5.519999980926514,5.6451817,5.785017,5.7460356,5.779611,5.7246013,5.915098,5.8862667
2017-09-12,5.599999904632568,5.5967555,5.699073,5.7839775,5.7476063,5.7857227,5.7188053,5.9345694
2017-09-13,5.690000057220459,5.598792,5.637776,5.7010427,5.7829037,5.736099,5.7868147,5.7090564
2017-09-14,5.5,5.6651087,5.612529,5.640044,5.7031107,5.785462,5.7345886,5.7926426
2017-09-15,5.960000038146973,5.5596857,5.6558905,5.6135178,5.6419096,5.683516,5.787414,5.7300863
2017-09-16,5.639999866485596,5.791745,5.5941997,5.655638,5.6149683,5.621431,5.675345,5.7952075
2017-09-17,5.599999904632568,5.648549,5.717466,5.5955586,5.6557894,5.603397,5.615637,5.6612186
2017-09-18,5.570000171661377,5.630279,5.661955,5.714681,5.5969768,5.6491833,5.599382,5.599084
2017-09-19,5.639999866485596,5.6087995,5.6492257,5.66177,5.711956,5.5790586,5.6480565,5.5917783
2017-09-20,5.639999866485596,5.6448965,5.6297784,5.6501565,5.661924,5.737589,5.5722585,5.644574
2017-09-21,5.960000038146973,5.641401,5.6455636,5.6308503,5.65033,5.661246,5.7440214,5.56016
2017-09-22,6.0,5.8265686,5.641907,5.6458,5.631994,5.645333,5.6606607,5.7540145
2017-09-23,5.960000038146973,5.86743,5.7570057,5.6419325,5.646205,5.627661,5.64411,5.657162
2017-09-24,5.820000171661377,5.8832016,5.8057346,5.7540774,5.6421566,5.640911,5.625417,5.640861
2017-09-25,6.039999961853027,5.8318343,5.8449817,5.802434,5.7513103,5.6381264,5.641414,5.621393
2017-09-26,5.550000190734863,5.961741,5.833343,5.842749,5.799312,5.7766733,5.63656,5.6404867
2017-09-27,5.909999847412109,5.7300067,5.9148006,5.8330207,5.8399715,5.8301034,5.783641,5.637581
2017-09-28,5.599999904632568,5.892853,5.8013825,5.9128366,5.8321276,5.8673754,5.8386197,5.7970037
2017-09-29,5.599999904632568,5.72526,5.868491,5.803916,5.910612,5.847502,5.875457,5.854807
2017-09-30,5.550000190734863,5.6873374,5.774477,5.8681817,5.8063297,5.9384103,5.852032,5.8906474
2017-10-01,5.519999980926514,5.622891,5.7248,5.776304,5.867441,5.7860417,5.948565,5.8611736
2017-10-02,3.5999999046325684,5.58734,5.662336,5.726872,5.778714,5.8746076,5.7817616,5.9691114
2017-10-03,3.5999999046325684,4.49984,5.623922,5.6643724,5.7286015,5.7592797,5.87779,5.7770185
2017-10-04,5.690000057220459,4.2499437,4.9473696,5.6258574,5.6667705,5.7047434,5.7534914,5.887722
2017-10-05,5.239999771118164,5.178387,4.590597,4.966589,5.628048,5.6453257,5.6989965,5.743923
2017-10-06,5.010000228881836,5.063755,4.9808416,4.6094465,4.9851685,5.601719,5.6369963,5.6872706
2017-10-07,5.199999809265137,4.934583,5.0117464,4.9759398,4.6276474,4.797839,5.594613,5.6227717
2017-10-08,5.159999847412109,4.99282,4.9452662,5.007561,4.9755616,4.4438477,4.7410884,5.5761886
2017-10-09,5.170000076293945,4.9836063,4.9594173,4.945187,5.0068436,4.9757833,4.388466,4.6274858
2017-10-10,5.010000228881836,5.1039166,4.966922,4.9581122,4.9432297,4.9716926,4.9747453,4.2734866
2017-10-11,5.110000133514404,5.123428,5.089028,4.9658766,4.9563794,4.930417,4.9602785,4.9705334
2017-10-12,5.150000095367432,5.1190634,5.1470656,5.0882273,4.9649887,4.9920654,4.9141564,4.9349313
2017-10-13,5.369999885559082,5.1319,5.115195,5.1479063,5.0871506,4.978607,4.9931192,4.879152
2017-10-14,5.340000152587891,5.2654114,5.120209,5.1152644,5.1485434,5.0967307,4.9881325,4.9699974
2017-10-15,5.139999866485596,5.2733,5.2084208,5.1196723,5.115188,5.145328,5.1010075,4.9882073
2017-10-16,5.110000133514404,5.1817126,5.2364745,5.205897,5.1193886,5.117453,5.144076,5.1208296
2017-10-17,5.0,5.151225,5.1973963,5.2343445,5.2034693,5.1235323,5.1190486,5.14448
2017-10-18,5.010000228881836,5.092039,5.1697183,5.1976814,5.232216,5.2251906,5.125218,5.1216846
2017-10-19,5.070000171661377,5.0799575,5.1301584,5.1706505,5.197408,5.253578,5.232023,5.1305246
2017-10-20,4.980000019073486,5.097101,5.1067853,5.1319456,5.171182,5.2011533,5.2592306,5.246812
2017-10-21,5.0,5.0297165,5.104404,5.1082935,5.133787,5.171238,5.2023644,5.2715287
2017-10-22,4.889999866485596,5.0116105,5.054946,5.104976,5.109898,5.1189833,5.1715765,5.203489
2017-10-23,4.730000019073486,4.942536,5.02644,5.0560765,5.105881,5.092487,5.116191,5.172486
2017-10-24,4.639999866485596,4.835882,4.9778657,5.027313,5.057403,5.095125,5.0883617,5.1111984
2017-10-25,4.900000095367432,4.7562566,4.897746,4.979498,5.028209,5.0406265,5.091504,5.0832267
2017-10-26,4.980000019073486,4.863686,4.8230166,4.900702,4.9812837,5.016752,5.0351477,5.0862527
2017-10-27,4.860000133514404,4.9088106,4.8576674,4.826445,4.9036427,4.962866,5.012298,5.0231676
2017-10-28,4.980000019073486,4.8558264,4.8867397,4.858079,4.830029,4.8721104,4.956669,5.002237
2017-10-29,5.050000190734863,4.909134,4.865253,4.885742,4.859058,4.7931113,4.862581,4.9419684
2017-10-30,5.019999980926514,4.9626856,4.8900757,4.865422,4.8854337,4.845969,4.7814903,4.8417654
2017-10-31,5.03000020980835,4.9781375,4.9328747,4.8893614,4.8655233,4.882578,4.8416815,4.7575393
2017-11-01,4.809999942779541,5.0097446,4.962,4.9314203,4.8884735,4.8581467,4.880744,4.831578
2017-11-02,4.880000114440918,4.8991923,4.9952726,4.961014,4.9301324,4.8977427,4.854237,4.876199
2017-11-03,4.929999828338623,4.9122543,4.936262,4.994494,4.959898,4.9448743,4.8986173,4.8443294
2017-11-04,4.849999904632568,4.9379134,4.925167,4.9376717,4.993472,4.9699736,4.949394,4.896905
2017-11-05,4.760000228881836,4.8940754,4.93681,4.926078,4.938853,5.0053,4.973562,4.9547915
2017-11-06,4.760000228881836,4.825478,4.91072,4.9368873,4.926802,4.929906,5.0085287,4.9811783
2017-11-07,5.300000190734863,4.8009133,4.857817,4.911403,4.937313,4.9210854,4.9277873,5.0163226
2017-11-08,5.300000190734863,5.0751247,4.8255258,4.8593407,4.9121737,4.93439,4.9202213,4.922969
2017-11-09,4.929999828338623,5.141721,4.97582,4.8268814,4.8607726,4.900986,4.933971,4.9195523
2017-11-10,4.71999979019165,4.9839106,5.066128,4.971877,4.828324,4.845316,4.8980775,4.9348106
2017-11-11,4.71999979019165,4.84945,5.0072436,5.0619373,4.9684505,4.814085,4.839709,4.893101
2017-11-12,4.590000152587891,4.822309,4.9131117,5.00746,5.0582027,5.000695,4.809511,4.829172
2017-11-13,4.590000152587891,4.740319,4.8707643,4.916023,5.0067186,5.0920177,5.010253,4.798158
2017-11-14,4.599999904632568,4.714483,4.805616,4.8734403,4.9180584,5.011663,5.1015453,5.028895
2017-11-15,4.699999809265137,4.6638975,4.7641826,4.8088474,4.8761964,4.907207,5.012219,5.120918
2017-11-16,4.699999809265137,4.671474,4.699539,4.7669263,4.812515,4.8559866,4.903309,5.012412
2017-11-17,4.460000038146973,4.6640234,4.676742,4.701534,4.7699866,4.7739663,4.8527737,4.8935914
2017-11-18,4.460000038146973,4.538189,4.66803,4.677315,4.7040443,4.733638,4.7646713,4.844882
2017-11-19,4.800000190734863,4.5092845,4.593696,4.668244,4.6783314,4.674559,4.722237,4.7514524
2017-11-20,4.800000190734863,4.6825085,4.551532,4.596067,4.668786,4.6620417,4.6640635,4.703413
2017-11-21,4.909999847412109,4.718577,4.640344,4.553862,4.5983624,4.6586514,4.6558704,4.641489
2017-11-22,4.739999771118164,4.80098,4.686477,4.6389847,4.556107,4.572209,4.6538305,4.639781
2017-11-23,4.360000133514404,4.7319055,4.7524986,4.684693,4.6382256,4.5333138,4.5630865,4.6413355
2017-11-24,4.360000133514404,4.524497,4.7321577,4.750125,4.683405,4.6452622,4.525576,4.5409265
2017-11-25,4.519999980926514,4.490637,4.607748,4.731673,4.747475,4.6908207,4.647189,4.5071025
2017-11-26,4.880000114440918,4.5597324,4.5540032,4.6112504,4.730908,4.7696133,4.692895,4.6490893
2017-11-27,4.880000114440918,4.741933,4.572988,4.5575023,4.614105,4.7423635,4.774605,4.696809
2017-11-28,4.679999828338623,4.7700353,4.673328,4.574176,4.5608187,4.5888057,4.744567,4.7845006
2017-11-29,4.619999885559082,4.67074,4.71781,4.6705623,4.5760937,4.532495,4.5824957,4.7459064
2017-11-30,4.630000114440918,4.626849,4.6747003,4.7149115,4.668547,4.557005,4.5250106,4.567334
2017-12-01,4.630000114440918,4.6460066,4.642975,4.6743336,4.7122917,4.680541,4.5527062,4.512234
2017-12-02,4.639999866485596,4.6624527,4.656092,4.6436863,4.6733327,4.732134,4.684073,4.5458183
2017-12-03,4.690000057220459,4.6719346,4.670126,4.656671,4.643862,4.681895,4.735674,4.6939745
2017-12-04,4.690000057220459,4.6810284,4.6755857,4.6705427,4.6572576,4.6484985,4.6826544,4.7428403
2017-12-05,4.800000190734863,4.6710334,4.6728745,4.6758084,4.6710906,4.6562924,4.649494,4.679502
2017-12-06,4.800000190734863,4.7337165,4.6648226,4.6725593,4.6761155,4.665205,4.6579127,4.647941
2017-12-07,4.440000057220459,4.753609,4.704941,4.664471,4.672334,4.6714673,4.6649137,4.6604548
2017-12-08,4.730000019073486,4.572802,4.7317014,4.703658,4.664172,4.6735206,4.6699767,4.6682053
2017-12-09,4.730000019073486,4.6961837,4.634814,4.7304816,4.7023654,4.666311,4.673416,4.669913
2017-12-10,4.619999885559082,4.710465,4.679992,4.637198,4.729266,4.714718,4.6666555,4.6729884
2017-12-11,4.619999885559082,4.6593704,4.6981363,4.6799264,4.6391816,4.741965,4.7181497,4.666453
2017-12-12,4.300000190734863,4.645203,4.674027,4.6974463,4.679654,4.620056,4.7456107,4.7245417
2017-12-13,4.539999961853027,4.457882,4.6563563,4.674513,4.6973834,4.6849627,4.6146235,4.752573
2017-12-14,4.539999961853027,4.5349865,4.536315,4.6569657,4.674818,4.6999817,4.686699,4.6034184
2017-12-15,4.599999904632568,4.5472603,4.5422244,4.5397234,4.6574254,4.665863,4.7015452,4.6906853
2017-12-16,4.599999904632568,4.572625,4.5527654,4.5433106,4.543091,4.6543164,4.66382,4.705072
2017-12-17,4.599999904632568,4.566362,4.563697,4.5530615,4.5444446,4.510851,4.6516633,4.6613135
2017-12-18,4.389999866485596,4.570585,4.5595617,4.5633674,4.5540895,4.5317483,4.501765,4.6475334
2017-12-19,4.389999866485596,4.4567146,4.5654044,4.559177,4.563124,4.542776,4.528332,4.479864
2017-12-20,4.650000095367432,4.451982,4.49867,4.5651093,4.5588646,4.5580397,4.5390167,4.522334
2017-12-21,4.650000095367432,4.5775704,4.4839144,4.500377,4.5647445,4.5611744,4.5562196,4.532105
2017-12-22,4.730000019073486,4.600151,4.54504,4.485673,4.501929,4.5677376,4.559665,4.551713
2017-12-23,4.820000171661377,4.6527085,4.575385,4.543982,4.4872894,4.487325,4.5684147,4.5559874
2017-12-24,4.820000171661377,4.717125,4.616366,4.574006,4.5433793,4.471846,4.4828486,4.5653667
2017-12-25,5.199999809265137,4.743067,4.669785,4.6145773,4.5730033,4.5497265,4.467523,4.4733787
2017-12-26,4.650000095367432,4.9828706,4.707028,4.6674166,4.6125727,4.5788646,4.551786,4.458462
2017-12-27,4.650000095367432,4.761831,4.872372,4.7050247,4.664937,4.6292915,4.5807347,4.556471
2017-12-28,4.610000133514404,4.7375464,4.797939,4.8673463,4.702781,4.692432,4.633058,4.584917
2017-12-29,4.849999904632568,4.699211,4.7650285,4.798341,4.862135,4.727212,4.6996636,4.640991
2017-12-30,4.849999904632568,4.8179,4.7288694,4.766542,4.798378,4.917016,4.7353344,4.7119555
2017-12-31,4.820000171661377,4.825819,4.788012,4.730388,4.7669225,4.802387,4.9339237,4.749996
2018-01-01,4.550000190734863,4.8163877,4.803065,4.7870436,4.73217,4.766471,4.8045793,4.9700236
2018-01-02,4.550000190734863,4.641314,4.805621,4.8017974,4.7863884,4.7248726,4.767651,4.8104258
2018-01-03,4.800000190734863,4.6204953,4.6921334,4.804931,4.80088,4.7893825,4.7237134,4.7721004
2018-01-04,4.570000171661377,4.7425494,4.6591744,4.694159,4.8039927,4.807279,4.7933407,4.7240453
2018-01-05,4.570000171661377,4.6438756,4.717342,4.661308,4.69586,4.8103952,4.808159,4.8034015
2018-01-06,4.940000057220459,4.614736,4.6749587,4.7166615,4.6632257,4.681766,4.8115163,4.8161864
2018-01-07,4.949999809265137,4.7922163,4.638393,4.6760073,4.7165008,4.646316,4.6767673,4.8117576
2018-01-08,4.949999809265137,4.8311515,4.729343,4.639694,4.6773686,4.7190156,4.6421437,4.6650968
2018-01-09,4.789999961853027,4.868944,4.781103,4.726924,4.640686,4.6590276,4.720387,4.6320252
2018-01-10,4.75,4.811384,4.8308444,4.778354,4.7249293,4.6271367,4.6539,4.7248607
2018-01-11,4.75,4.7822633,4.8173532,4.828728,4.775976,4.7469463,4.6217093,4.644803
2018-01-12,4.940000057220459,4.7871323,4.795547,4.8172145,4.826124,4.796482,4.7523713,4.6113286
2018-01-13,4.940000057220459,4.899458,4.7972403,4.7961597,4.8166056,4.8495617,4.8032403,4.760502
2018-01-14,4.489999771118164,4.9070444,4.8656173,4.7977924,4.796376,4.8284707,4.855618,4.8147573
2018-01-15,6.079999923706055,4.6647444,4.8812814,4.864286,4.7983723,4.7988663,4.8313136,4.8693194
2018-01-16,6.079999923706055,5.4728336,4.743494,4.8798485,4.8631516,4.796147,4.801348,4.835326
2018-01-17,4.909999847412109,5.647548,5.185222,4.746546,4.8785872,4.8737273,4.796878,4.80505
2018-01-18,4.909999847412109,5.1435857,5.4286184,5.1738906,4.749113,4.8897276,4.8779097,4.801915
2018-01-19,4.679999828338623,5.0836043,5.2326818,5.4164953,5.162912,4.722685,4.8928485,4.8892164
2018-01-20,5.010000228881836,4.934576,5.151421,5.234228,5.405764,5.2746077,4.714497,4.901331
2018-01-21,5.010000228881836,5.073225,5.03647,5.1551695,5.232951,5.5142727,5.307339,4.697578
2018-01-22,5.159999847412109,5.1056795,5.0786495,5.04144,5.156633,5.2380977,5.5472884,5.3729134
2018-01-23,5.099999904632568,5.1162195,5.109806,5.0798974,5.0469956,5.169203,5.2403336,5.613614
2018-01-24,5.099999904632568,5.02887,5.0865703,5.1100287,5.0817256,5.012617,5.17072,5.2467775
2018-01-25,5.099999904632568,5.0497336,5.0194135,5.0853567,5.11121,5.0551825,5.010463,5.175255
2018-01-26,5.099999904632568,5.064607,5.0425324,5.0187106,5.0842586,5.093065,5.053431,5.0016594
2018-01-27,5.099999904632568,5.096027,5.0591226,5.042128,5.0180845,5.0854464,5.085214,5.066124
2018-01-28,5.099999904632568,5.10124,5.0918493,5.0588136,5.0414624,5.0237007,5.0839043,5.0816727
2018-01-29,5.099999904632568,5.1066947,5.0980577,5.091613,5.05843,5.047591,5.0225177,5.075755
2018-01-30,5.099999904632568,5.101751,5.1042695,5.097876,5.0913196,5.0649495,5.0492477,5.016299
2018-01-31,5.099999904632568,5.1013303,5.099902,5.10413,5.0976515,5.095045,5.066757,5.0468574
2018-02-01,5.099999904632568,5.1010103,5.0999203,5.0997944,5.1039577,5.1004868,5.096968,5.0701194
2018-02-02,5.099999904632568,5.100766,5.099934,5.099837,5.099662,5.106115,5.1015844,5.100637
2018-02-03,5.099999904632568,5.1005807,5.099945,5.0998693,5.0997343,5.101304,5.1069493,5.1054873
2018-02-04,5.099999904632568,5.100438,5.0999527,5.0998936,5.09979,5.1009836,5.101938,5.109179
2018-02-05,5.099999904632568,5.100331,5.0999575,5.099912,5.0998316,5.1007404,5.1014647,5.1036344
2018-02-06,5.099999904632568,5.100249,5.0999627,5.099925,5.0998635,5.1005545,5.101105,5.1027555
2018-02-07,5.099999904632568,5.100187,5.099966,5.0999365,5.099887,5.1004133,5.1008315,5.102087
2018-02-08,5.099999904632568,5.1001396,5.099969,5.0999446,5.099906,5.100305,5.100623,5.1015778
2018-02-09,5.099999904632568,5.1001034,5.099971,5.099951,5.09992,5.1002235,5.100464,5.10119
2018-02-10,5.099999904632568,5.1000757,5.0999722,5.0999556,5.0999303,5.100161,5.100343,5.100895
2018-02-11,5.099999904632568,5.1000557,5.0999737,5.099959,5.099939,5.1001134,5.100251,5.1006703
2018-02-12,5.099999904632568,5.1000395,5.099975,5.099962,5.0999446,5.1000776,5.1001806,5.1004996
2018-02-13,5.099999904632568,5.1000266,5.0999756,5.0999646,5.09995,5.10005,5.1001277,5.100369
2018-02-14,5.099999904632568,5.100018,5.0999756,5.099966,5.0999537,5.1000295,5.100087,5.1002707
2018-02-15,5.099999904632568,5.100011,5.0999765,5.099967,5.0999565,5.1000137,5.1000566,5.1001954
2018-02-16,5.099999904632568,5.1000056,5.0999765,5.0999684,5.0999584,5.100002,5.1000333,5.100138
2018-02-17,5.099999904632568,5.1000013,5.099977,5.099969,5.0999603,5.0999923,5.1000156,5.100095
2018-02-18,5.099999904632568,5.0999975,5.099977,5.0999694,5.0999613,5.0999856,5.100002,5.1000614
2018-02-19,5.849999904632568,5.0999956,5.0999765,5.09997,5.099962,5.09998,5.099992,5.100036
2018-02-20,5.579999923706055,5.5088277,5.099977,5.0999694,5.0999627,5.099976,5.0999837,5.100017
2018-02-21,5.679999828338623,5.4588304,5.344871,5.0999703,5.0999627,5.0999727,5.0999775,5.1000023
2018-02-22,5.5,5.550681,5.393044,5.337958,5.0999637,5.09997,5.0999727,5.099991
2018-02-23,5.409999847412109,5.4929733,5.4787445,5.3886185,5.33141,5.0999684,5.099969,5.0999823
2018-02-24,5.570000171661377,5.467145,5.4775596,5.4750476,5.384426,5.396116,5.0999665,5.0999756
2018-02-25,5.300000190734863,5.559577,5.475083,5.4761825,5.4699836,5.4258385,5.415241,5.099971
2018-02-26,5.260000228881836,5.4473414,5.530644,5.475259,5.4742513,5.5200224,5.438078,5.453996
2018-02-27,5.46999979019165,5.368783,5.4843345,5.529501,5.4747396,5.508761,5.534812,5.4628816
2018-02-28,5.179999828338623,5.448455,5.4056835,5.485598,5.5282717,5.486033,5.51896,5.564782
2018-03-01,5.349999904632568,5.2867,5.430638,5.4076066,5.486871,5.547169,5.4939365,5.539629
2018-03-02,5.289999961853027,5.3429446,5.336526,5.430255,5.409152,5.475696,5.5545855,5.5099545
2018-03-03,5.369999885559082,5.3092585,5.3437104,5.338442,5.430244,5.3930745,5.4743943,5.5788703
2018-03-04,5.320000171661377,5.336418,5.322954,5.34424,5.340608,5.4330316,5.388748,5.475474
2018-03-05,5.440000057220459,5.316633,5.329355,5.323535,5.3445716,5.3156514,5.4336314,5.384047
2018-03-06,5.380000114440918,5.3877587,5.3221836,5.3291903,5.3245597,5.337767,5.3090763,5.435721
2018-03-07,5.309999942779541,5.3594174,5.3657517,5.3223424,5.329042,5.316058,5.334722,5.295312
2018-03-08,5.420000076293945,5.336181,5.355779,5.3648763,5.3226233,5.325763,5.3125134,5.3301897
2018-03-09,5.099999904632568,5.3875613,5.3487105,5.3554006,5.3639793,5.319728,5.3252873,5.303248
2018-03-10,5.340000152587891,5.2276216,5.373052,5.349198,5.3550944,5.3715096,5.31748,5.322244
2018-03-11,5.199999809265137,5.3223443,5.2865233,5.372563,5.3494496,5.35874,5.373711,5.313937
2018-03-12,5.199999809265137,5.2525783,5.3147173,5.2888546,5.3720646,5.346391,5.3594327,5.375363
2018-03-13,5.199999809265137,5.2339754,5.2773724,5.314984,5.291182,5.3790197,5.34568,5.360798
2018-03-14,5.199999809265137,5.2161794,5.2528467,5.2783356,5.3150983,5.268458,5.3809185,5.343472
2018-03-15,5.199999809265137,5.2111764,5.230541,5.253886,5.279809,5.312736,5.26235,5.3851676
2018-03-16,5.28000020980835,5.19587,5.222107,5.231332,5.2547984,5.2665505,5.3121357,5.249666
2018-03-17,5.230000019073486,5.247761,5.204188,5.222707,5.2323165,5.2401733,5.2622786,5.3121667
2018-03-18,5.210000038146973,5.2220793,5.236603,5.2046432,5.2234554,5.223243,5.236251,5.253834
2018-03-19,5.050000190734863,5.213518,5.2245135,5.236212,5.2052116,5.213664,5.218917,5.227601
2018-03-20,5.050000190734863,5.1254344,5.2197404,5.2244987,5.2359447,5.197758,5.210979,5.210974
2018-03-21,5.320000171661377,5.1058397,5.165142,5.220022,5.2245646,5.2371726,5.1948605,5.2022176
2018-03-22,5.309999942779541,5.237954,5.1360626,5.166873,5.220183,5.2228327,5.2370057,5.189425
2018-03-23,5.170000076293945,5.256626,5.2019386,5.13773,5.168535,5.2177567,5.221917,5.235274
2018-03-24,5.170000076293945,5.188291,5.2313952,5.2007203,5.139369,5.1530905,5.216731,5.2190013
2018-03-25,5.300000190734863,5.177249,5.199685,5.2299647,5.1999445,5.122874,5.1482897,5.213848
2018-03-26,5.300000190734863,5.244738,5.18592,5.1999063,5.2288976,5.2069726,5.1183047,5.1379504
2018-03-27,5.28000020980835,5.2696576,5.22292,5.1863947,5.199773,5.23565,5.2089787,5.1085825
2018-03-28,5.269999980926514,5.2778234,5.253047,5.222083,5.186604,5.198191,5.2374697,5.213678
2018-03-29,5.369999885559082,5.2680106,5.269549,5.252123,5.221399,5.187872,5.1966133,5.2410226
2018-03-30,5.300000190734863,5.3194566,5.2638955,5.2690287,5.25133,5.230489,5.187401,5.193071
2018-03-31,5.269999980926514,5.3005776,5.2944636,5.263634,5.2683277,5.2580423,5.234175,5.18421
2018-04-01,5.349999904632568,5.2908206,5.296852,5.2933645,5.2632284,5.2743893,5.2607255,5.2399435
2018-04-02,5.380000114440918,5.3279414,5.2945404,5.296439,5.2922444,5.269246,5.2758603,5.268201
2018-04-03,5.420000076293945,5.3516855,5.3132834,5.2946553,5.2960086,5.3048334,5.270779,5.2802696
2018-04-04,5.360000133514404,5.383048,5.3339686,5.3126993,5.2945256,5.300994,5.3091593,5.273248
2018-04-05,5.139999866485596,5.363314,5.3608165,5.3330703,5.31211,5.296144,5.3029275,5.317439
2018-04-06,5.260000228881836,5.240371,5.3595047,5.359697,5.332255,5.320243,5.2968493,5.30808
2018-04-07,5.300000190734863,5.2796626,5.285558,5.359116,5.358497,5.3406215,5.322758,5.299221
2018-04-08,5.369999885559082,5.301405,5.287826,5.28742,5.358579,5.3699646,5.343788,5.3283267
2018-04-09,5.349999904632568,5.3398147,5.2988734,5.28862,5.2889705,5.365222,5.373455,5.3504395
2018-04-10,5.170000076293945,5.331763,5.322585,5.2988443,5.2893357,5.275253,5.367079,5.381942
2018-04-11,5.119999885559082,5.2311473,5.323017,5.3218293,5.2992477,5.2843018,5.2716026,5.3710556
2018-04-12,5.130000114440918,5.1807485,5.2638335,5.3224707,5.321191,5.29557,5.2833037,5.2640023
2018-04-13,5.300000190734863,5.177961,5.2165556,5.265118,5.3219295,5.323194,5.295099,5.2821136
2018-04-14,5.239999771118164,5.2599635,5.203029,5.2183886,5.2661705,5.326466,5.323889,5.2951484
2018-04-15,5.25,5.2360544,5.2418838,5.204441,5.220041,5.255949,5.3265452,5.326556
2018-04-16,5.389999866485596,5.2337604,5.235405,5.2413692,5.2060895,5.2052684,5.2526965,5.3269243
2018-04-17,5.179999828338623,5.3040495,5.2310777,5.235191,5.2412233,5.190556,5.2009683,5.243561
2018-04-18,5.210000038146973,5.216203,5.2714033,5.2309537,5.235227,5.2395325,5.1864405,5.1918
2018-04-19,5.380000114440918,5.227993,5.2372537,5.269996,5.2306633,5.2314415,5.239273,5.1782503
2018-04-20,5.329999923706055,5.322627,5.237457,5.2378078,5.268657,5.2311163,5.2294083,5.2397237
2018-04-21,5.510000228881836,5.312003,5.2926693,5.238063,5.2383065,5.2835517,5.2302485,5.2257867
2018-04-22,5.53000020980835,5.4158597,5.3001266,5.2914977,5.238325,5.233381,5.2872524,5.226651
2018-04-23,5.309999942779541,5.454718,5.3674717,5.29932,5.2905884,5.2359276,5.232425,5.292734
2018-04-24,5.269999980926514,5.3516693,5.413512,5.365309,5.2986465,5.3026047,5.235233,5.2290783
2018-04-25,5.380000114440918,5.3258567,5.3683906,5.411285,5.362975,5.3032737,5.306228,5.234852
2018-04-26,5.369999885559082,5.381858,5.3473263,5.368676,5.409062,5.3851156,5.305547,5.3136106
2018-04-27,5.090000152587891,5.3796134,5.374154,5.3483944,5.3684855,5.433821,5.391071,5.3103104
2018-04-28,5.329999923706055,5.2285643,5.375933,5.3740416,5.349014,5.3714423,5.440873,5.4049835
2018-04-29,5.210000038146973,5.3121643,5.286965,5.3756967,5.374094,5.3474016,5.3731484,5.453977
2018-04-30,5.28000020980835,5.2407303,5.3041563,5.2893844,5.375677,5.3774114,5.347253,5.3760743
2018-05-01,5.260000228881836,5.271036,5.2608624,5.304402,5.291602,5.374249,5.3797364,5.3486466
2018-05-02,5.309999942779541,5.2607465,5.271057,5.2616253,5.3045993,5.2675953,5.374972,5.3851233
2018-05-03,5.320000171661377,5.2829623,5.2651324,5.271256,5.2629046,5.303321,5.2600293,5.379172
2018-05-04,5.369999885559082,5.287045,5.275369,5.265313,5.271368,5.250549,5.302342,5.2470307
2018-05-05,5.46999979019165,5.333755,5.279077,5.275089,5.2656755,5.2647047,5.2471075,5.299418
2018-05-06,5.489999771118164,5.3945937,5.316759,5.2786603,5.274823,5.262792,5.262834,5.238928
2018-05-07,5.28000020980835,5.431596,5.3597956,5.315958,5.278308,5.2754993,5.260309,5.2594833
2018-05-08,5.260000228881836,5.335622,5.4007344,5.3581543,5.3151274,5.281745,5.275919,5.255491
2018-05-09,5.300000190734863,5.3141594,5.3580313,5.39908,5.356523,5.3228807,5.2821965,5.2734766
2018-05-10,5.460000038146973,5.3254566,5.3355865,5.3586607,5.3973503,5.3733177,5.3251686,5.2835684
2018-05-11,5.230000019073486,5.411423,5.3330216,5.336711,5.3589253,5.4151554,5.378157,5.3286724
2018-05-12,5.5,5.3000245,5.382206,5.333552,5.3374815,5.357864,5.4206276,5.387965
2018-05-13,5.429999828338623,5.4205923,5.3280573,5.381047,5.334267,5.333093,5.357769,5.4314704
2018-05-14,5.400000095367432,5.3943324,5.3829107,5.3289404,5.380153,5.3300514,5.3322663,5.3580093
2018-05-15,5.340000152587891,5.392841,5.380949,5.381601,5.3298483,5.386832,5.329771,5.3310456
2018-05-16,5.849999904632568,5.364994,5.3892093,5.380002,5.3800817,5.3187985,5.389663,5.330168
2018-05-17,5.420000076293945,5.643047,5.375343,5.3889174,5.379372,5.394345,5.3149047,5.397368
2018-05-18,5.289999961853027,5.4634147,5.5394435,5.3757386,5.388282,5.3883104,5.3979616,5.308761
2018-05-19,5.289999961853027,5.3926206,5.4785433,5.535179,5.3759856,5.3918796,5.390739,5.4040275
2018-05-20,5.289999961853027,5.358391,5.432551,5.4781346,5.531105,5.3770494,5.393754,5.3944535
2018-05-21,5.289999961853027,5.3471875,5.388784,5.4343815,5.477846,5.572616,5.3765798,5.3971286
2018-05-22,5.28000020980835,5.3341084,5.3703203,5.3904624,5.435128,5.481001,5.585934,5.3772817
2018-05-23,5.400000095367432,5.323039,5.351715,5.371597,5.3921967,5.426726,5.4823036,5.611339
2018-05-24,5.400000095367432,5.3483768,5.338625,5.3526855,5.373186,5.38477,5.4243407,5.487074
2018-05-25,5.300000190734863,5.355788,5.3340087,5.3394547,5.353894,5.355996,5.3822837,5.420267
2018-05-26,5.380000114440918,5.313916,5.344849,5.333556,5.340461,5.33813,5.353798,5.3774543
2018-05-27,5.369999885559082,5.3537316,5.3274465,5.3442397,5.3332944,5.3275976,5.3330455,5.348764
2018-05-28,5.269999980926514,5.3583913,5.346542,5.327902,5.3438106,5.333649,5.3226795,5.328596
2018-05-29,5.199999809265137,5.31092,5.3551025,5.346371,5.3281965,5.3463464,5.3329043,5.311866
2018-05-30,5.199999809265137,5.264996,5.3302727,5.3548875,5.346105,5.3237658,5.3464484,5.329145
2018-05-31,5.130000114440918,5.24461,5.295027,5.331051,5.3548126,5.3500457,5.3219624,5.3449435
2018-06-01,5.03000020980835,5.1903443,5.267467,5.2964826,5.3317194,5.356537,5.3507733,5.3170066
2018-06-02,5.559999942779541,5.119083,5.2230415,5.268728,5.2978296,5.3237867,5.357444,5.351257
2018-06-03,5.170000076293945,5.3758082,5.165828,5.2246447,5.2701063,5.285134,5.321743,5.3584056
2018-06-04,5.550000190734863,5.206654,5.2955375,5.168122,5.2264485,5.2567334,5.281,5.318418
2018-06-05,5.210000038146973,5.3986344,5.2307987,5.292621,5.1705117,5.2067275,5.252977,5.2732472
2018-06-06,5.380000114440918,5.2521596,5.333948,5.2310038,5.29017,5.143988,5.2009854,5.244607
2018-06-07,5.690000057220459,5.339778,5.2772384,5.3314614,5.231643,5.3122005,5.1356044,5.189763
2018-06-08,5.400000095367432,5.524761,5.3217063,5.2776403,5.3283405,5.222183,5.3178725,5.118809
2018-06-09,5.389999866485596,5.436924,5.443241,5.3211927,5.27825,5.3547463,5.2187467,5.328277
2018-06-10,5.199999809265137,5.4073067,5.4382596,5.439621,5.32009,5.279731,5.3616376,5.2100935
2018-06-11,5.28000020980835,5.3118787,5.4105077,5.437492,5.4364305,5.3286715,5.2788625,5.374315
2018-06-12,5.199999809265137,5.319755,5.3558445,5.4106517,5.436592,5.474033,5.3334417,5.275263
2018-06-13,5.210000038146973,5.2766986,5.3357325,5.357725,5.410012,5.443081,5.4844723,5.3404717
2018-06-14,5.039999961853027,5.264809,5.306346,5.336844,5.359519,5.418002,5.446798,5.51016
2018-06-15,5.0,5.135425,5.285188,5.307751,5.337927,5.349416,5.4196625,5.4529705
2018-06-16,5.010000228881836,5.080309,5.188095,5.2863407,5.309501,5.327042,5.346929,5.4266815
2018-06-17,5.099999904632568,5.052626,5.129142,5.1905146,5.2875843,5.2918415,5.3260927,5.3404803
2018-06-18,5.130000114440918,5.0894895,5.087609,5.1317244,5.193088,5.2710896,5.286581,5.3251934
2018-06-19,5.099999904632568,5.099399,5.096443,5.089569,5.1343646,5.1660724,5.266121,5.280528
2018-06-20,5.119999885559082,5.084528,5.0981317,5.0970826,5.091927,5.105404,5.1568575,5.2559834
2018-06-21,5.139999866485596,5.0897255,5.0901184,5.0981426,5.0981536,5.066624,5.096394,5.1380115
2018-06-22,5.170000076293945,5.109771,5.089607,5.090336,5.0984864,5.082536,5.0583143,5.0756626
2018-06-23,5.03000020980835,5.139211,5.105306,5.0896525,5.0906076,5.0904226,5.077348,5.040581
2018-06-24,5.099999904632568,5.0767775,5.1292524,5.1051116,5.0896835,5.0845585,5.0865674,5.065168
2018-06-25,5.21999979019165,5.102841,5.0997963,5.1287827,5.10498,5.088658,5.0814056,5.077611
2018-06-26,4.980000019073486,5.1668553,5.105059,5.100661,5.1283364,5.1063366,5.087376,5.07205
2018-06-27,4.980000019073486,5.0533094,5.1423106,5.1053786,5.1014366,5.1321626,5.1065397,5.082028
2018-06-28,4.989999771118164,5.031386,5.087085,5.141294,5.105586,5.093713,5.1333246,5.104982
2018-06-29,5.0,5.0202727,5.0570927,5.088255,5.1405497,5.1038904,5.0912695,5.1352925
2018-06-30,4.800000190734863,5.0144105,5.0376515,5.05851,5.0893846,5.148787,5.1033883,5.086396
2018-07-01,4.989999771118164,4.902498,5.0254507,5.038637,5.0596185,5.0759797,5.1513424,5.1020613
2018-07-02,5.0,4.9740305,4.954616,5.026085,5.0398917,5.0483837,5.0722904,5.1565323
2018-07-03,4.989999771118164,4.9706936,4.9721684,4.956917,5.0269303,5.02973,5.0444174,5.0650725
2018-07-04,5.079999923706055,4.973483,4.9670873,4.972608,4.9592614,5.015319,5.0266595,5.036948
2018-07-05,5.079999923706055,5.023166,4.972921,4.9669104,4.9731297,4.9335804,5.0125656,5.0191455
2018-07-06,4.96999979019165,5.0375657,5.003062,4.9728546,4.9672394,4.9662633,4.925043,5.0068684
2018-07-07,5.0,4.9867263,5.02226,5.002203,4.972774,4.962875,4.9635124,4.9091372
2018-07-08,5.0,5.0089216,4.999117,5.021407,5.001355,4.9685884,4.9610963,4.9560394
2018-07-09,5.059999942779541,5.0088315,5.0117927,4.9994793,5.0205936,5.009847,4.967039,4.9560466
2018-07-10,4.920000076293945,5.041501,5.011014,5.0120325,4.9996305,5.0289116,5.0109005,4.9629245
2018-07-11,5.070000171661377,4.97227,5.030045,5.011129,5.0121136,4.99812,5.0314174,5.0124183
2018-07-12,4.96999979019165,5.0360923,4.9941487,5.0295777,5.011356,5.0131392,4.997769,5.033559
2018-07-13,5.059999942779541,4.9863667,5.019955,4.9949493,5.029163,5.0104876,5.013453,4.9971695
2018-07-14,5.079999923706055,5.0338063,4.9959393,5.0194893,4.995728,5.0320296,5.0107865,5.0142994
2018-07-15,5.179999828338623,5.0508556,5.0214176,4.9961743,5.018939,4.987686,5.033299,5.0114303
2018-07-16,5.150000095367432,5.115625,5.0370507,5.0209856,4.996605,5.0241094,4.9849586,5.0370116
2018-07-17,5.199999809265137,5.1135917,5.0832562,5.0363383,5.020423,4.9933553,5.0255527,4.9803033
2018-07-18,5.170000076293945,5.158491,5.0955067,5.0817475,5.0357547,5.0238585,4.992329,5.027785
2018-07-19,5.179999828338623,5.153277,5.1337934,5.0944138,5.0802007,5.042979,5.025189,4.9900937
2018-07-20,5.130000114440918,5.172135,5.141032,5.1325655,5.0932465,5.0945315,5.0445004,5.027767
2018-07-21,5.260000228881836,5.151567,5.1606264,5.140262,5.1310935,5.105893,5.099213,5.048236
2018-07-22,5.369999885559082,5.2220507,5.1537333,5.1600127,5.139361,5.146888,5.1093607,5.10747
2018-07-23,5.380000114440918,5.2924047,5.1952806,5.153703,5.159196,5.151267,5.1518974,5.117303
2018-07-24,5.829999923706055,5.322149,5.2479806,5.1941695,5.153558,5.168915,5.155167,5.161513
2018-07-25,5.210000038146973,5.5826,5.286145,5.245835,5.193007,5.15726,5.172686,5.1637735
2018-07-26,5.449999809265137,5.3183904,5.456829,5.284177,5.2438226,5.205598,5.1588545,5.1811104
2018-07-27,5.210000038146973,5.4258976,5.3581758,5.4511633,5.2820573,5.26475,5.210004,5.163917
2018-07-28,5.210000038146973,5.3141103,5.4037194,5.3585825,5.445374,5.3027635,5.2712736,5.219957
2018-07-29,5.510000228881836,5.3017163,5.3496866,5.403181,5.358624,5.5051074,5.3092017,5.2858906
2018-07-30,5.869999885559082,5.4398084,5.3287954,5.3509583,5.401473,5.3623486,5.5227013,5.322942
2018-07-31,6.820000171661377,5.6622195,5.3948426,5.33029,5.352542,5.421716,5.364192,5.559003
2018-08-01,5.980000019073486,6.209789,5.5492992,5.393216,5.331494,5.3486876,5.4289346,5.3678093
2018-08-02,6.599999904632568,5.932227,5.9161763,5.544085,5.3920145,5.315787,5.3485484,5.4450755
2018-08-03,6.340000152587891,6.285633,5.892343,5.9026666,5.539405,5.405939,5.3146443,5.350778
2018-08-04,6.0,6.2584715,6.1197495,5.8877068,5.889443,5.582297,5.408943,5.3143663
2018-08-05,6.090000152587891,6.1525054,6.1890345,6.112358,5.8822393,6.017647,5.5955915,5.4221344
2018-08-06,5.71999979019165,6.1934195,6.1739693,6.1844397,6.1025596,5.94053,6.054552,5.620285
2018-08-07,6.239999771118164,5.997806,6.1900854,6.174175,6.1797075,6.210101,5.9570055,6.1305795
2018-08-08,6.710000038146973,6.1736,6.0761447,6.1901603,6.1727886,6.2541776,6.2431436,5.98838
2018-08-09,6.980000019073486,6.461704,6.1195664,6.0794115,6.18957,6.1902547,6.2793374,6.3085623
2018-08-10,6.730000019073486,6.6557393,6.317838,6.1180773,6.0827103,6.2110415,6.2035975,6.332852
2018-08-11,6.21999979019165,6.591207,6.4872117,6.311233,6.116636,6.0566278,6.2184997,6.2370067
2018-08-12,6.300000190734863,6.3623533,6.5175724,6.478665,6.305724,6.1288686,6.0535383,6.250185
2018-08-13,6.039999961853027,6.3805523,6.4177833,6.5127764,6.470055,6.360527,6.1344194,6.0495315
2018-08-14,6.230000019073486,6.266938,6.4052587,6.4193797,6.506863,6.5478373,6.3761296,6.1550293
2018-08-15,6.980000019073486,6.3324375,6.342578,6.4068594,6.419286,6.570462,6.5709248,6.4116616
2018-08-16,6.980000019073486,6.702441,6.3484836,6.346015,6.4076734,6.4337945,6.587082,6.6164885
2018-08-17,7.099999904632568,6.75061,6.5507164,6.3499217,6.349798,6.415525,6.4395905,6.62094
2018-08-18,7.269999980926514,6.853406,6.635119,6.5444865,6.351519,6.3193355,6.421855,6.4469094
2018-08-19,7.210000038146973,7.0202417,6.7392664,6.628729,6.539307,6.3305073,6.3150263,6.4377294
2018-08-20,7.199999809265137,7.0747,6.896201,6.7332983,6.6228294,6.5882215,6.3263483,6.3144164
2018-08-21,7.199999809265137,7.1485934,6.993398,6.88983,6.7262,6.6740727,6.601138,6.3274336
2018-08-22,7.039999961853027,7.2086177,7.0888953,6.9887295,6.8826957,6.7949247,6.688534,6.6314635
2018-08-23,7.199999809265137,7.1296954,7.163178,7.085567,6.9832196,6.967599,6.8131356,6.7147026
2018-08-24,6.789999961853027,7.2037983,7.1300836,7.160668,7.0812325,7.048647,6.9922533,6.848634
2018-08-25,6.670000076293945,6.986244,7.1691227,7.129648,7.157516,7.1349125,7.0722184,7.037931
2018-08-26,6.75,6.861939,7.0494723,7.1676707,7.128667,7.200438,7.154002,7.1190658
2018-08-27,6.420000076293945,6.84566,6.9363003,7.051793,7.165863,7.146095,7.21631,7.201239
2018-08-28,6.369999885559082,6.634549,6.884779,6.940075,7.0539947,7.18943,7.1547065,7.254982
2018-08-29,6.400000095367432,6.531394,6.736462,6.88718,6.943319,7.036564,7.198666,7.1785917
2018-08-30,6.360000133514404,6.4899683,6.6199,6.7411537,6.8900566,6.9112515,7.033078,7.2243752
2018-08-31,6.159999847412109,6.415815,6.5507827,6.624658,6.746306,6.864926,6.903042,7.0306
2018-09-01,6.210000038146973,6.2768416,6.4708505,6.5542383,6.6295376,6.6894374,6.85749,6.8897734
2018-09-02,6.46999979019165,6.26004,6.3624535,6.473784,6.5584826,6.5743127,6.6735954,6.8449845
2018-09-03,6.099999904632568,6.3670206,6.314278,6.3666162,6.4774055,6.5128536,6.5562286,6.6414723
2018-09-04,6.130000114440918,6.1899977,6.3514752,6.3174267,6.371139,6.432011,6.4972954,6.521543
2018-09-05,6.010000228881836,6.1752996,6.2590423,6.351368,6.3209333,6.3180947,6.4175043,6.4622016
2018-09-06,5.809999942779541,6.0880575,6.221299,6.2617965,6.3520823,6.2805433,6.2995768,6.3839116
2018-09-07,6.0,5.952995,6.1493025,6.223933,6.264922,6.3398533,6.266139,6.259847
2018-09-08,5.900000095367432,6.0167475,6.043332,6.1523466,6.22628,6.22596,6.334545,6.2312007
2018-09-09,5.900000095367432,5.956023,6.04398,6.047755,6.1558876,6.1979737,6.2129097,6.3187923
